MEDIA_NAME,USER_ID,SPECIFIC_CATEGORY,MACRO_CATEGORY,CORRECT_ANSWER,USER_ANSWER,ANSWER_TIME
NewMedia1,USER_1,Critical Thinking,Textual,b,a,58.58481
NewMedia11,USER_1,Inductive Reasoning,Graphical,b,b,37.3974
NewMedia12,USER_1,Inductive Reasoning,Graphical,d,d,39.72852
NewMedia10,USER_1,Inductive Reasoning,Graphical,d,a,56.802369999999996
NewMedia7,USER_1,Diagrammatic Reasoning,Graphical,b,b,76.25513000000001
NewMedia2,USER_1,Critical Thinking,Textual,a,b,50.55969
NewMedia15,USER_1,Logical Reasoning,Graphical,c,c,29.50592
NewMedia23,USER_1,Verbal Reasoning,Textual,d,d,87.61511
NewMedia5,USER_1,Deductive Reasoning,Textual,b,c,100.5238
NewMedia18,USER_1,Mechanical Reasoning,Graphical,a,b,37.87256
NewMedia22,USER_1,Verbal Reasoning,Textual,d,a,120.16248
NewMedia17,USER_1,Mechanical Reasoning,Graphical,b,b,19.827270000000002
NewMedia14,USER_1,Logical Reasoning,Graphical,a,a,41.45667
NewMedia8,USER_1,Diagrammatic Reasoning,Graphical,c,b,68.50464000000001
NewMedia6,USER_1,Deductive Reasoning,Textual,a,a,90.68311
NewMedia24,USER_1,Verbal Reasoning,Textual,b,b,74.63428
NewMedia16,USER_1,Mechanical Reasoning,Graphical,b,b,7.2401100000000005
NewMedia9,USER_1,Diagrammatic Reasoning,Graphical,b,b,73.64233
NewMedia13,USER_1,Logical Reasoning,Graphical,d,a,81.28528
NewMedia21,USER_1,Spatial Reasoning,Graphical,b,b,44.0686
NewMedia19,USER_1,Spatial Reasoning,Graphical,b,d,60.018069999999994
NewMedia4,USER_1,Deductive Reasoning,Textual,a,a,71.80041999999999
NewMedia20,USER_1,Spatial Reasoning,Graphical,c,c,40.02332
NewMedia3,USER_1,Critical Thinking,Textual,a,a,45.30103
NewMedia12,USER_2,Inductive Reasoning,Graphical,d,d,11.059510000000001
NewMedia20,USER_2,Spatial Reasoning,Graphical,c,d,24.75739
NewMedia15,USER_2,Logical Reasoning,Graphical,c,c,16.41144
NewMedia1,USER_2,Critical Thinking,Textual,b,a,46.71515
NewMedia4,USER_2,Deductive Reasoning,Textual,a,a,60.23199
NewMedia17,USER_2,Mechanical Reasoning,Graphical,b,b,18.20599
NewMedia24,USER_2,Verbal Reasoning,Textual,b,b,94.72266
NewMedia14,USER_2,Logical Reasoning,Graphical,a,d,54.478269999999995
NewMedia21,USER_2,Spatial Reasoning,Graphical,b,d,33.519040000000004
NewMedia11,USER_2,Inductive Reasoning,Graphical,b,b,42.09277
NewMedia5,USER_2,Deductive Reasoning,Textual,b,c,21.20044
NewMedia3,USER_2,Critical Thinking,Textual,a,b,32.52747
NewMedia6,USER_2,Deductive Reasoning,Textual,a,a,51.59839
NewMedia7,USER_2,Diagrammatic Reasoning,Graphical,b,b,51.47668
NewMedia2,USER_2,Critical Thinking,Textual,a,a,21.68298
NewMedia9,USER_2,Diagrammatic Reasoning,Graphical,b,b,31.1344
NewMedia10,USER_2,Inductive Reasoning,Graphical,d,a,17.28857
NewMedia22,USER_2,Verbal Reasoning,Textual,d,d,40.34473
NewMedia13,USER_2,Logical Reasoning,Graphical,d,d,17.56995
NewMedia18,USER_2,Mechanical Reasoning,Graphical,a,a,38.06763
NewMedia16,USER_2,Mechanical Reasoning,Graphical,b,b,10.0874
NewMedia23,USER_2,Verbal Reasoning,Textual,d,c,86.79199
NewMedia8,USER_2,Diagrammatic Reasoning,Graphical,c,c,58.64465
NewMedia19,USER_2,Spatial Reasoning,Graphical,b,b,41.58423
NewMedia10,USER_3,Inductive Reasoning,Graphical,d,a,15.17871
NewMedia16,USER_3,Mechanical Reasoning,Graphical,b,b,14.770079999999998
NewMedia23,USER_3,Verbal Reasoning,Textual,d,d,99.20416
NewMedia6,USER_3,Deductive Reasoning,Textual,a,a,51.61786
NewMedia3,USER_3,Critical Thinking,Textual,a,b,54.103390000000005
NewMedia7,USER_3,Diagrammatic Reasoning,Graphical,b,b,57.49286
NewMedia1,USER_3,Critical Thinking,Textual,b,a,56.300419999999995
NewMedia12,USER_3,Inductive Reasoning,Graphical,d,d,20.370179999999998
NewMedia9,USER_3,Diagrammatic Reasoning,Graphical,b,b,37.09595
NewMedia24,USER_3,Verbal Reasoning,Textual,b,b,89.87988
NewMedia22,USER_3,Verbal Reasoning,Textual,d,d,103.06897
NewMedia21,USER_3,Spatial Reasoning,Graphical,b,b,22.09131
NewMedia15,USER_3,Logical Reasoning,Graphical,c,d,36.76746
NewMedia2,USER_3,Critical Thinking,Textual,a,a,46.00525
NewMedia17,USER_3,Mechanical Reasoning,Graphical,b,a,30.72583
NewMedia14,USER_3,Logical Reasoning,Graphical,a,a,39.83545
NewMedia20,USER_3,Spatial Reasoning,Graphical,c,c,43.80127
NewMedia8,USER_3,Diagrammatic Reasoning,Graphical,c,b,34.41675
NewMedia5,USER_3,Deductive Reasoning,Textual,b,a,75.23682
NewMedia19,USER_3,Spatial Reasoning,Graphical,b,b,48.09473
NewMedia18,USER_3,Mechanical Reasoning,Graphical,a,a,73.54883000000001
NewMedia13,USER_3,Logical Reasoning,Graphical,d,d,31.2749
NewMedia4,USER_3,Deductive Reasoning,Textual,a,a,98.28601
NewMedia11,USER_3,Inductive Reasoning,Graphical,b,b,22.16504
NewMedia19,USER_4,Spatial Reasoning,Graphical,b,b,40.27075
NewMedia10,USER_4,Inductive Reasoning,Graphical,d,c,48.26245
NewMedia15,USER_4,Logical Reasoning,Graphical,c,a,54.284180000000006
NewMedia21,USER_4,Spatial Reasoning,Graphical,b,b,17.97168
NewMedia9,USER_4,Diagrammatic Reasoning,Graphical,b,b,158.43701000000001
NewMedia16,USER_4,Mechanical Reasoning,Graphical,b,b,25.253420000000002
NewMedia20,USER_4,Spatial Reasoning,Graphical,c,a,36.198240000000006
NewMedia4,USER_4,Deductive Reasoning,Textual,a,a,43.0376
NewMedia24,USER_4,Verbal Reasoning,Textual,b,b,68.25586
NewMedia1,USER_4,Critical Thinking,Textual,b,a,31.389159999999997
NewMedia18,USER_4,Mechanical Reasoning,Graphical,a,b,16.26367
NewMedia3,USER_4,Critical Thinking,Textual,a,a,32.2124
NewMedia13,USER_4,Logical Reasoning,Graphical,d,d,29.74072
NewMedia14,USER_4,Logical Reasoning,Graphical,a,a,75.14941
NewMedia22,USER_4,Verbal Reasoning,Textual,d,d,107.10741999999999
NewMedia12,USER_4,Inductive Reasoning,Graphical,d,d,13.898929999999998
NewMedia11,USER_4,Inductive Reasoning,Graphical,b,b,85.61914
NewMedia17,USER_4,Mechanical Reasoning,Graphical,b,b,20.0083
NewMedia6,USER_4,Deductive Reasoning,Textual,a,b,117.71143000000001
NewMedia8,USER_4,Diagrammatic Reasoning,Graphical,c,a,172.31689
NewMedia5,USER_4,Deductive Reasoning,Textual,b,c,33.29736
NewMedia23,USER_4,Verbal Reasoning,Textual,d,d,56.146480000000004
NewMedia2,USER_4,Critical Thinking,Textual,a,b,20.65723
NewMedia7,USER_4,Diagrammatic Reasoning,Graphical,b,b,78.15039
NewMedia10,USER_6,Inductive Reasoning,Graphical,d,a,12.31836
NewMedia12,USER_6,Inductive Reasoning,Graphical,d,d,15.171879999999998
NewMedia16,USER_6,Mechanical Reasoning,Graphical,b,b,15.117679999999998
NewMedia18,USER_6,Mechanical Reasoning,Graphical,a,b,19.03003
NewMedia14,USER_6,Logical Reasoning,Graphical,a,a,32.96289
NewMedia7,USER_6,Diagrammatic Reasoning,Graphical,b,d,75.95313
NewMedia11,USER_6,Inductive Reasoning,Graphical,b,b,20.75146
NewMedia13,USER_6,Logical Reasoning,Graphical,d,d,31.381590000000003
NewMedia24,USER_6,Verbal Reasoning,Textual,b,b,78.61255
NewMedia19,USER_6,Spatial Reasoning,Graphical,b,a,55.34911999999999
NewMedia17,USER_6,Mechanical Reasoning,Graphical,b,a,10.041260000000001
NewMedia21,USER_6,Spatial Reasoning,Graphical,b,b,43.740970000000004
NewMedia1,USER_6,Critical Thinking,Textual,b,a,66.26758000000001
NewMedia4,USER_6,Deductive Reasoning,Textual,a,b,69.03418
NewMedia8,USER_6,Diagrammatic Reasoning,Graphical,c,b,35.715579999999996
NewMedia5,USER_6,Deductive Reasoning,Textual,b,b,50.08423
NewMedia6,USER_6,Deductive Reasoning,Textual,a,b,71.83471999999999
NewMedia20,USER_6,Spatial Reasoning,Graphical,c,a,51.73877
NewMedia9,USER_6,Diagrammatic Reasoning,Graphical,b,b,31.00732
NewMedia22,USER_6,Verbal Reasoning,Textual,d,a,75.46387
NewMedia15,USER_6,Logical Reasoning,Graphical,c,c,29.480220000000003
NewMedia2,USER_6,Critical Thinking,Textual,a,b,36.519290000000005
NewMedia3,USER_6,Critical Thinking,Textual,a,a,30.21704
NewMedia23,USER_6,Verbal Reasoning,Textual,d,d,90.18066
NewMedia9,USER_7,Diagrammatic Reasoning,Graphical,b,b,65.10889
NewMedia14,USER_7,Logical Reasoning,Graphical,a,d,37.3374
NewMedia6,USER_7,Deductive Reasoning,Textual,a,a,85.13788000000001
NewMedia18,USER_7,Mechanical Reasoning,Graphical,a,a,30.832459999999998
NewMedia13,USER_7,Logical Reasoning,Graphical,d,d,33.92755
NewMedia15,USER_7,Logical Reasoning,Graphical,c,c,24.77063
NewMedia10,USER_7,Inductive Reasoning,Graphical,d,a,18.89624
NewMedia22,USER_7,Verbal Reasoning,Textual,d,d,66.92419
NewMedia21,USER_7,Spatial Reasoning,Graphical,b,b,28.126829999999998
NewMedia23,USER_7,Verbal Reasoning,Textual,d,c,135.1283
NewMedia7,USER_7,Diagrammatic Reasoning,Graphical,b,b,28.521729999999998
NewMedia1,USER_7,Critical Thinking,Textual,b,a,38.83765
NewMedia11,USER_7,Inductive Reasoning,Graphical,b,b,22.39954
NewMedia24,USER_7,Verbal Reasoning,Textual,b,b,66.81676999999999
NewMedia5,USER_7,Deductive Reasoning,Textual,b,b,50.19092
NewMedia3,USER_7,Critical Thinking,Textual,a,b,39.29309
NewMedia16,USER_7,Mechanical Reasoning,Graphical,b,b,16.12976
NewMedia8,USER_7,Diagrammatic Reasoning,Graphical,c,c,24.35547
NewMedia19,USER_7,Spatial Reasoning,Graphical,b,b,54.586180000000006
NewMedia20,USER_7,Spatial Reasoning,Graphical,c,b,26.10339
NewMedia17,USER_7,Mechanical Reasoning,Graphical,b,b,14.20801
NewMedia2,USER_7,Critical Thinking,Textual,a,b,25.54724
NewMedia12,USER_7,Inductive Reasoning,Graphical,d,d,22.90186
NewMedia4,USER_7,Deductive Reasoning,Textual,a,a,34.972409999999996
NewMedia4,USER_8,Deductive Reasoning,Textual,a,a,61.02271
NewMedia14,USER_8,Logical Reasoning,Graphical,a,a,65.87841999999999
NewMedia9,USER_8,Diagrammatic Reasoning,Graphical,b,b,123.86035
NewMedia17,USER_8,Mechanical Reasoning,Graphical,b,a,41.04565
NewMedia22,USER_8,Verbal Reasoning,Textual,d,d,105.56079
NewMedia2,USER_8,Critical Thinking,Textual,a,a,44.25659
NewMedia20,USER_8,Spatial Reasoning,Graphical,c,c,149.62305
NewMedia7,USER_8,Diagrammatic Reasoning,Graphical,b,b,50.626709999999996
NewMedia10,USER_8,Inductive Reasoning,Graphical,d,a,50.65332
NewMedia11,USER_8,Inductive Reasoning,Graphical,b,b,22.0647
NewMedia21,USER_8,Spatial Reasoning,Graphical,b,b,59.88403
NewMedia15,USER_8,Logical Reasoning,Graphical,c,c,50.43945
NewMedia16,USER_8,Mechanical Reasoning,Graphical,b,b,18.025389999999998
NewMedia5,USER_8,Deductive Reasoning,Textual,b,a,37.2832
NewMedia13,USER_8,Logical Reasoning,Graphical,d,d,41.001459999999994
NewMedia12,USER_8,Inductive Reasoning,Graphical,d,d,19.68628
NewMedia19,USER_8,Spatial Reasoning,Graphical,b,b,81.72729
NewMedia8,USER_8,Diagrammatic Reasoning,Graphical,c,c,104.77660999999999
NewMedia18,USER_8,Mechanical Reasoning,Graphical,a,c,56.748780000000004
NewMedia3,USER_8,Critical Thinking,Textual,a,b,58.03564
NewMedia23,USER_8,Verbal Reasoning,Textual,d,d,152.8374
NewMedia1,USER_8,Critical Thinking,Textual,b,a,36.65381
NewMedia6,USER_8,Deductive Reasoning,Textual,a,a,77.06543
NewMedia24,USER_8,Verbal Reasoning,Textual,b,b,72.41699
NewMedia11,USER_9,Inductive Reasoning,Graphical,b,c,19.10432
NewMedia16,USER_9,Mechanical Reasoning,Graphical,b,b,19.80719
NewMedia18,USER_9,Mechanical Reasoning,Graphical,a,c,12.61311
NewMedia6,USER_9,Deductive Reasoning,Textual,a,a,57.21173
NewMedia3,USER_9,Critical Thinking,Textual,a,b,24.75708
NewMedia19,USER_9,Spatial Reasoning,Graphical,b,d,30.538059999999998
NewMedia5,USER_9,Deductive Reasoning,Textual,b,c,29.225309999999997
NewMedia12,USER_9,Inductive Reasoning,Graphical,d,c,15.486720000000002
NewMedia20,USER_9,Spatial Reasoning,Graphical,c,d,118.12003
NewMedia7,USER_9,Diagrammatic Reasoning,Graphical,b,b,32.099
NewMedia14,USER_9,Logical Reasoning,Graphical,a,b,35.44806
NewMedia9,USER_9,Diagrammatic Reasoning,Graphical,b,c,44.13586
NewMedia22,USER_9,Verbal Reasoning,Textual,d,d,88.1983
NewMedia21,USER_9,Spatial Reasoning,Graphical,b,b,48.604
NewMedia10,USER_9,Inductive Reasoning,Graphical,d,a,22.20532
NewMedia4,USER_9,Deductive Reasoning,Textual,a,a,70.01825
NewMedia13,USER_9,Logical Reasoning,Graphical,d,d,42.09277
NewMedia23,USER_9,Verbal Reasoning,Textual,d,d,162.23645
NewMedia1,USER_9,Critical Thinking,Textual,b,b,64.32458000000001
NewMedia24,USER_9,Verbal Reasoning,Textual,b,a,72.68457
NewMedia15,USER_9,Logical Reasoning,Graphical,c,d,30.80627
NewMedia2,USER_9,Critical Thinking,Textual,a,b,29.41797
NewMedia8,USER_9,Diagrammatic Reasoning,Graphical,c,a,29.161990000000003
NewMedia17,USER_9,Mechanical Reasoning,Graphical,b,b,24.19043
NewMedia17,USER_10,Mechanical Reasoning,Graphical,b,a,50.7074
NewMedia23,USER_10,Verbal Reasoning,Textual,d,c,157.71411
NewMedia7,USER_10,Diagrammatic Reasoning,Graphical,b,d,79.1217
NewMedia4,USER_10,Deductive Reasoning,Textual,a,a,62.79126
NewMedia10,USER_10,Inductive Reasoning,Graphical,d,a,42.05249
NewMedia14,USER_10,Logical Reasoning,Graphical,a,a,68.87305
NewMedia3,USER_10,Critical Thinking,Textual,a,a,86.03466999999999
NewMedia1,USER_10,Critical Thinking,Textual,b,b,55.643069999999994
NewMedia19,USER_10,Spatial Reasoning,Graphical,b,c,89.6853
NewMedia24,USER_10,Verbal Reasoning,Textual,b,b,57.02563000000001
NewMedia11,USER_10,Inductive Reasoning,Graphical,b,c,69.73096
NewMedia9,USER_10,Diagrammatic Reasoning,Graphical,b,b,161.61303999999998
NewMedia5,USER_10,Deductive Reasoning,Textual,b,a,86.23535
NewMedia20,USER_10,Spatial Reasoning,Graphical,c,d,35.52832
NewMedia6,USER_10,Deductive Reasoning,Textual,a,b,79.21509
NewMedia2,USER_10,Critical Thinking,Textual,a,a,41.00757
NewMedia18,USER_10,Mechanical Reasoning,Graphical,a,c,68.06152
NewMedia15,USER_10,Logical Reasoning,Graphical,c,b,43.92114
NewMedia12,USER_10,Inductive Reasoning,Graphical,d,d,23.47852
NewMedia21,USER_10,Spatial Reasoning,Graphical,b,b,33.78003
NewMedia8,USER_10,Diagrammatic Reasoning,Graphical,c,c,78.19702
NewMedia13,USER_10,Logical Reasoning,Graphical,d,c,43.59277
NewMedia22,USER_10,Verbal Reasoning,Textual,d,a,78.06348
NewMedia16,USER_10,Mechanical Reasoning,Graphical,b,b,24.08105
NewMedia16,USER_11,Mechanical Reasoning,Graphical,b,b,30.122009999999996
NewMedia17,USER_11,Mechanical Reasoning,Graphical,b,b,30.18341
NewMedia11,USER_11,Inductive Reasoning,Graphical,b,d,185.43909
NewMedia13,USER_11,Logical Reasoning,Graphical,d,d,44.7522
NewMedia21,USER_11,Spatial Reasoning,Graphical,b,d,53.94214
NewMedia23,USER_11,Verbal Reasoning,Textual,d,d,154.34509
NewMedia8,USER_11,Diagrammatic Reasoning,Graphical,c,c,162.53723
NewMedia9,USER_11,Diagrammatic Reasoning,Graphical,b,a,53.12555
NewMedia6,USER_11,Deductive Reasoning,Textual,a,a,93.62329
NewMedia22,USER_11,Verbal Reasoning,Textual,d,c,69.20178
NewMedia10,USER_11,Inductive Reasoning,Graphical,d,b,23.95386
NewMedia7,USER_11,Diagrammatic Reasoning,Graphical,b,d,21.56897
NewMedia12,USER_11,Inductive Reasoning,Graphical,d,d,19.612920000000003
NewMedia24,USER_11,Verbal Reasoning,Textual,b,b,88.2583
NewMedia14,USER_11,Logical Reasoning,Graphical,a,a,60.0719
NewMedia20,USER_11,Spatial Reasoning,Graphical,c,c,46.895140000000005
NewMedia3,USER_11,Critical Thinking,Textual,a,b,37.05591
NewMedia4,USER_11,Deductive Reasoning,Textual,a,a,48.51636
NewMedia1,USER_11,Critical Thinking,Textual,b,b,69.95837
NewMedia2,USER_11,Critical Thinking,Textual,a,a,38.89111
NewMedia15,USER_11,Logical Reasoning,Graphical,c,a,40.4314
NewMedia18,USER_11,Mechanical Reasoning,Graphical,a,a,43.48657
NewMedia5,USER_11,Deductive Reasoning,Textual,b,b,56.05896
NewMedia19,USER_11,Spatial Reasoning,Graphical,b,b,29.164920000000002
NewMedia22,USER_12,Verbal Reasoning,Textual,d,d,119.48682
NewMedia14,USER_12,Logical Reasoning,Graphical,a,a,46.3197
NewMedia5,USER_12,Deductive Reasoning,Textual,b,b,90.63635
NewMedia6,USER_12,Deductive Reasoning,Textual,a,a,74.37256
NewMedia7,USER_12,Diagrammatic Reasoning,Graphical,b,a,145.20862
NewMedia2,USER_12,Critical Thinking,Textual,a,a,31.677120000000002
NewMedia21,USER_12,Spatial Reasoning,Graphical,b,b,21.55176
NewMedia24,USER_12,Verbal Reasoning,Textual,b,b,81.81226
NewMedia23,USER_12,Verbal Reasoning,Textual,d,c,77.94896999999999
NewMedia4,USER_12,Deductive Reasoning,Textual,a,a,58.15576
NewMedia20,USER_12,Spatial Reasoning,Graphical,c,c,33.38501
NewMedia1,USER_12,Critical Thinking,Textual,b,b,49.88354
NewMedia18,USER_12,Mechanical Reasoning,Graphical,a,c,21.113529999999997
NewMedia10,USER_12,Inductive Reasoning,Graphical,d,a,43.15161
NewMedia17,USER_12,Mechanical Reasoning,Graphical,b,a,12.84106
NewMedia9,USER_12,Diagrammatic Reasoning,Graphical,b,b,38.48901
NewMedia15,USER_12,Logical Reasoning,Graphical,c,c,43.78711
NewMedia19,USER_12,Spatial Reasoning,Graphical,b,b,42.54175
NewMedia16,USER_12,Mechanical Reasoning,Graphical,b,b,13.932620000000002
NewMedia12,USER_12,Inductive Reasoning,Graphical,d,b,12.72021
NewMedia3,USER_12,Critical Thinking,Textual,a,a,27.44336
NewMedia11,USER_12,Inductive Reasoning,Graphical,b,b,46.79517
NewMedia8,USER_12,Diagrammatic Reasoning,Graphical,c,c,52.7771
NewMedia13,USER_12,Logical Reasoning,Graphical,d,b,13.89233
NewMedia15,USER_13,Logical Reasoning,Graphical,c,c,58.10931
NewMedia7,USER_13,Diagrammatic Reasoning,Graphical,b,b,78.53864
NewMedia21,USER_13,Spatial Reasoning,Graphical,b,b,54.08945
NewMedia4,USER_13,Deductive Reasoning,Textual,a,a,79.47684
NewMedia6,USER_13,Deductive Reasoning,Textual,a,b,127.23645
NewMedia5,USER_13,Deductive Reasoning,Textual,b,b,79.4035
NewMedia9,USER_13,Diagrammatic Reasoning,Graphical,b,b,128.89063000000002
NewMedia11,USER_13,Inductive Reasoning,Graphical,b,b,36.92188
NewMedia13,USER_13,Logical Reasoning,Graphical,d,d,105.92193999999999
NewMedia10,USER_13,Inductive Reasoning,Graphical,d,a,50.91479
NewMedia22,USER_13,Verbal Reasoning,Textual,d,d,179.02893
NewMedia1,USER_13,Critical Thinking,Textual,b,a,34.89246
NewMedia23,USER_13,Verbal Reasoning,Textual,d,c,141.01526
NewMedia19,USER_13,Spatial Reasoning,Graphical,b,b,70.24597
NewMedia8,USER_13,Diagrammatic Reasoning,Graphical,c,b,82.95971999999999
NewMedia3,USER_13,Critical Thinking,Textual,a,b,45.4823
NewMedia17,USER_13,Mechanical Reasoning,Graphical,b,a,32.66162
NewMedia16,USER_13,Mechanical Reasoning,Graphical,b,b,21.802979999999998
NewMedia24,USER_13,Verbal Reasoning,Textual,b,b,87.22681
NewMedia14,USER_13,Logical Reasoning,Graphical,a,d,36.73413
NewMedia2,USER_13,Critical Thinking,Textual,a,b,41.58398
NewMedia12,USER_13,Inductive Reasoning,Graphical,d,d,18.30017
NewMedia20,USER_13,Spatial Reasoning,Graphical,c,c,85.62598
NewMedia18,USER_13,Mechanical Reasoning,Graphical,a,a,71.03687
NewMedia22,USER_14,Verbal Reasoning,Textual,d,d,119.57388
NewMedia16,USER_14,Mechanical Reasoning,Graphical,b,b,34.84476
NewMedia10,USER_14,Inductive Reasoning,Graphical,d,b,80.30078
NewMedia13,USER_14,Logical Reasoning,Graphical,d,d,180.06723
NewMedia3,USER_14,Critical Thinking,Textual,a,b,86.48303
NewMedia23,USER_14,Verbal Reasoning,Textual,d,a,97.08685
NewMedia2,USER_14,Critical Thinking,Textual,a,a,50.55963
NewMedia15,USER_14,Logical Reasoning,Graphical,c,b,95.17815999999999
NewMedia24,USER_14,Verbal Reasoning,Textual,b,d,145.85797
NewMedia4,USER_14,Deductive Reasoning,Textual,a,c,63.782230000000006
NewMedia19,USER_14,Spatial Reasoning,Graphical,b,c,240.68762
NewMedia5,USER_14,Deductive Reasoning,Textual,b,b,95.52625
NewMedia6,USER_14,Deductive Reasoning,Textual,a,c,144.64551
NewMedia18,USER_14,Mechanical Reasoning,Graphical,a,b,69.12085
NewMedia11,USER_14,Inductive Reasoning,Graphical,b,c,47.87317
NewMedia1,USER_14,Critical Thinking,Textual,b,a,39.935790000000004
NewMedia20,USER_14,Spatial Reasoning,Graphical,c,d,31.207890000000003
NewMedia21,USER_14,Spatial Reasoning,Graphical,b,c,38.690059999999995
NewMedia9,USER_14,Diagrammatic Reasoning,Graphical,b,b,71.70654
NewMedia12,USER_14,Inductive Reasoning,Graphical,d,d,40.88708
NewMedia7,USER_14,Diagrammatic Reasoning,Graphical,b,c,52.98461999999999
NewMedia14,USER_14,Logical Reasoning,Graphical,a,a,30.846190000000004
NewMedia17,USER_14,Mechanical Reasoning,Graphical,b,b,25.74841
NewMedia8,USER_14,Diagrammatic Reasoning,Graphical,c,c,55.64355
NewMedia10,USER_15,Inductive Reasoning,Graphical,d,a,13.42349
NewMedia21,USER_15,Spatial Reasoning,Graphical,b,c,9.56573
NewMedia24,USER_15,Verbal Reasoning,Textual,b,b,45.69598
NewMedia9,USER_15,Diagrammatic Reasoning,Graphical,b,b,54.337709999999994
NewMedia15,USER_15,Logical Reasoning,Graphical,c,a,57.103519999999996
NewMedia20,USER_15,Spatial Reasoning,Graphical,c,c,25.64108
NewMedia17,USER_15,Mechanical Reasoning,Graphical,b,b,14.100220000000002
NewMedia5,USER_15,Deductive Reasoning,Textual,b,a,58.06879
NewMedia16,USER_15,Mechanical Reasoning,Graphical,b,b,11.57465
NewMedia4,USER_15,Deductive Reasoning,Textual,a,a,16.9538
NewMedia13,USER_15,Logical Reasoning,Graphical,d,d,18.480710000000002
NewMedia7,USER_15,Diagrammatic Reasoning,Graphical,b,b,33.211
NewMedia12,USER_15,Inductive Reasoning,Graphical,d,d,11.61487
NewMedia6,USER_15,Deductive Reasoning,Textual,a,b,59.241330000000005
NewMedia8,USER_15,Diagrammatic Reasoning,Graphical,c,b,38.88409
NewMedia19,USER_15,Spatial Reasoning,Graphical,b,b,36.1449
NewMedia2,USER_15,Critical Thinking,Textual,a,b,34.62415
NewMedia18,USER_15,Mechanical Reasoning,Graphical,a,b,28.9837
NewMedia23,USER_15,Verbal Reasoning,Textual,d,d,66.61578
NewMedia14,USER_15,Logical Reasoning,Graphical,a,a,87.86981
NewMedia1,USER_15,Critical Thinking,Textual,b,a,20.343629999999997
NewMedia22,USER_15,Verbal Reasoning,Textual,d,d,58.342769999999994
NewMedia3,USER_15,Critical Thinking,Textual,a,b,23.46436
NewMedia11,USER_15,Inductive Reasoning,Graphical,b,b,33.15747
NewMedia12,USER_16,Inductive Reasoning,Graphical,d,d,26.392059999999997
NewMedia9,USER_16,Diagrammatic Reasoning,Graphical,b,b,120.72549
NewMedia7,USER_16,Diagrammatic Reasoning,Graphical,b,b,64.30487
NewMedia22,USER_16,Verbal Reasoning,Textual,d,d,145.94522
NewMedia10,USER_16,Inductive Reasoning,Graphical,d,b,133.18469
NewMedia14,USER_16,Logical Reasoning,Graphical,a,b,69.20782
NewMedia15,USER_16,Logical Reasoning,Graphical,c,c,68.40411
NewMedia23,USER_16,Verbal Reasoning,Textual,d,d,153.52123999999998
NewMedia3,USER_16,Critical Thinking,Textual,a,b,58.2298
NewMedia19,USER_16,Spatial Reasoning,Graphical,b,b,42.84924
NewMedia17,USER_16,Mechanical Reasoning,Graphical,b,b,23.20386
NewMedia11,USER_16,Inductive Reasoning,Graphical,b,b,267.63477
NewMedia13,USER_16,Logical Reasoning,Graphical,d,d,81.29236
NewMedia20,USER_16,Spatial Reasoning,Graphical,c,c,70.73510999999999
NewMedia4,USER_16,Deductive Reasoning,Textual,a,a,103.16248
NewMedia5,USER_16,Deductive Reasoning,Textual,b,b,114.34875
NewMedia21,USER_16,Spatial Reasoning,Graphical,b,b,51.81836
NewMedia16,USER_16,Mechanical Reasoning,Graphical,b,b,14.79004
NewMedia8,USER_16,Diagrammatic Reasoning,Graphical,c,c,114.76453000000001
NewMedia1,USER_16,Critical Thinking,Textual,b,a,68.46387
NewMedia6,USER_16,Deductive Reasoning,Textual,a,a,169.3092
NewMedia2,USER_16,Critical Thinking,Textual,a,b,40.99414
NewMedia24,USER_16,Verbal Reasoning,Textual,b,b,82.6853
NewMedia18,USER_16,Mechanical Reasoning,Graphical,a,a,72.78491
NewMedia19,USER_17,Spatial Reasoning,Graphical,b,a,66.9191
NewMedia14,USER_17,Logical Reasoning,Graphical,a,a,66.65085
NewMedia15,USER_17,Logical Reasoning,Graphical,c,b,32.35376
NewMedia10,USER_17,Inductive Reasoning,Graphical,d,a,50.680240000000005
NewMedia21,USER_17,Spatial Reasoning,Graphical,b,c,38.82379
NewMedia6,USER_17,Deductive Reasoning,Textual,a,a,80.86346
NewMedia18,USER_17,Mechanical Reasoning,Graphical,a,a,165.00232
NewMedia20,USER_17,Spatial Reasoning,Graphical,c,d,36.660579999999996
NewMedia9,USER_17,Diagrammatic Reasoning,Graphical,b,b,196.7464
NewMedia8,USER_17,Diagrammatic Reasoning,Graphical,c,c,220.35754
NewMedia22,USER_17,Verbal Reasoning,Textual,d,d,63.2196
NewMedia16,USER_17,Mechanical Reasoning,Graphical,b,b,20.483520000000002
NewMedia13,USER_17,Logical Reasoning,Graphical,d,d,66.83679000000001
NewMedia5,USER_17,Deductive Reasoning,Textual,b,b,51.644529999999996
NewMedia4,USER_17,Deductive Reasoning,Textual,a,a,24.07434
NewMedia3,USER_17,Critical Thinking,Textual,a,a,29.07715
NewMedia23,USER_17,Verbal Reasoning,Textual,d,c,39.54736
NewMedia12,USER_17,Inductive Reasoning,Graphical,d,d,33.43176
NewMedia11,USER_17,Inductive Reasoning,Graphical,b,b,34.7583
NewMedia1,USER_17,Critical Thinking,Textual,b,a,61.45142
NewMedia7,USER_17,Diagrammatic Reasoning,Graphical,b,a,50.86133
NewMedia24,USER_17,Verbal Reasoning,Textual,b,b,78.49817
NewMedia2,USER_17,Critical Thinking,Textual,a,a,40.78601
NewMedia17,USER_17,Mechanical Reasoning,Graphical,b,b,22.93542
NewMedia23,USER_18,Verbal Reasoning,Textual,d,d,140.33871000000002
NewMedia2,USER_18,Critical Thinking,Textual,a,b,46.98975
NewMedia12,USER_18,Inductive Reasoning,Graphical,d,d,16.80646
NewMedia10,USER_18,Inductive Reasoning,Graphical,d,a,17.4162
NewMedia4,USER_18,Deductive Reasoning,Textual,a,a,61.64526
NewMedia21,USER_18,Spatial Reasoning,Graphical,b,a,94.20013
NewMedia20,USER_18,Spatial Reasoning,Graphical,c,c,30.61194
NewMedia8,USER_18,Diagrammatic Reasoning,Graphical,c,c,71.25763
NewMedia5,USER_18,Deductive Reasoning,Textual,b,a,56.46747
NewMedia6,USER_18,Deductive Reasoning,Textual,a,a,81.05084000000001
NewMedia3,USER_18,Critical Thinking,Textual,a,a,41.68427
NewMedia16,USER_18,Mechanical Reasoning,Graphical,b,b,18.96997
NewMedia24,USER_18,Verbal Reasoning,Textual,b,b,102.95447
NewMedia22,USER_18,Verbal Reasoning,Textual,d,d,67.86145
NewMedia13,USER_18,Logical Reasoning,Graphical,d,d,87.3606
NewMedia17,USER_18,Mechanical Reasoning,Graphical,b,b,45.9176
NewMedia18,USER_18,Mechanical Reasoning,Graphical,a,a,53.83484
NewMedia15,USER_18,Logical Reasoning,Graphical,c,c,59.5625
NewMedia11,USER_18,Inductive Reasoning,Graphical,b,b,15.365479999999998
NewMedia14,USER_18,Logical Reasoning,Graphical,a,a,91.73461999999999
NewMedia19,USER_18,Spatial Reasoning,Graphical,b,b,56.011959999999995
NewMedia7,USER_18,Diagrammatic Reasoning,Graphical,b,b,55.79785
NewMedia9,USER_18,Diagrammatic Reasoning,Graphical,b,b,47.40417
NewMedia1,USER_18,Critical Thinking,Textual,b,a,96.5575
NewMedia4,USER_19,Deductive Reasoning,Textual,a,a,53.27884
NewMedia20,USER_19,Spatial Reasoning,Graphical,c,c,19.21112
NewMedia19,USER_19,Spatial Reasoning,Graphical,b,b,17.85162
NewMedia3,USER_19,Critical Thinking,Textual,a,a,28.93024
NewMedia15,USER_19,Logical Reasoning,Graphical,c,c,26.42554
NewMedia18,USER_19,Mechanical Reasoning,Graphical,a,a,21.49524
NewMedia24,USER_19,Verbal Reasoning,Textual,b,b,80.21325999999999
NewMedia16,USER_19,Mechanical Reasoning,Graphical,b,b,10.89819
NewMedia9,USER_19,Diagrammatic Reasoning,Graphical,b,d,51.6377
NewMedia5,USER_19,Deductive Reasoning,Textual,b,b,31.37531
NewMedia14,USER_19,Logical Reasoning,Graphical,a,a,45.42859
NewMedia13,USER_19,Logical Reasoning,Graphical,d,d,34.336059999999996
NewMedia11,USER_19,Inductive Reasoning,Graphical,b,b,21.76324
NewMedia23,USER_19,Verbal Reasoning,Textual,d,d,92.43786999999999
NewMedia2,USER_19,Critical Thinking,Textual,a,a,36.3786
NewMedia17,USER_19,Mechanical Reasoning,Graphical,b,b,16.24353
NewMedia10,USER_19,Inductive Reasoning,Graphical,d,b,36.63342
NewMedia12,USER_19,Inductive Reasoning,Graphical,d,d,17.52307
NewMedia21,USER_19,Spatial Reasoning,Graphical,b,c,20.323
NewMedia8,USER_19,Diagrammatic Reasoning,Graphical,c,b,69.08716
NewMedia7,USER_19,Diagrammatic Reasoning,Graphical,b,b,21.321170000000002
NewMedia6,USER_19,Deductive Reasoning,Textual,a,a,40.115970000000004
NewMedia1,USER_19,Critical Thinking,Textual,b,b,39.928709999999995
NewMedia22,USER_19,Verbal Reasoning,Textual,d,d,52.750119999999995
NewMedia21,USER_20,Spatial Reasoning,Graphical,b,b,96.5188
NewMedia8,USER_20,Diagrammatic Reasoning,Graphical,c,b,69.4165
NewMedia9,USER_20,Diagrammatic Reasoning,Graphical,b,b,63.15869
NewMedia18,USER_20,Mechanical Reasoning,Graphical,a,c,94.8689
NewMedia10,USER_20,Inductive Reasoning,Graphical,d,a,123.41113
NewMedia24,USER_20,Verbal Reasoning,Textual,b,b,155.43555
NewMedia11,USER_20,Inductive Reasoning,Graphical,b,c,124.08105
NewMedia14,USER_20,Logical Reasoning,Graphical,a,a,73.15966999999999
NewMedia2,USER_20,Critical Thinking,Textual,a,a,43.90137
NewMedia7,USER_20,Diagrammatic Reasoning,Graphical,b,b,51.78467
NewMedia12,USER_20,Inductive Reasoning,Graphical,d,d,16.136229999999998
NewMedia3,USER_20,Critical Thinking,Textual,a,b,48.60986
NewMedia19,USER_20,Spatial Reasoning,Graphical,b,d,128.96338
NewMedia22,USER_20,Verbal Reasoning,Textual,d,d,95.9541
NewMedia1,USER_20,Critical Thinking,Textual,b,b,65.79834
NewMedia5,USER_20,Deductive Reasoning,Textual,b,a,200.96483999999998
NewMedia17,USER_20,Mechanical Reasoning,Graphical,b,b,28.093259999999997
NewMedia13,USER_20,Logical Reasoning,Graphical,d,a,41.93945
NewMedia15,USER_20,Logical Reasoning,Graphical,c,c,41.71045
NewMedia23,USER_20,Verbal Reasoning,Textual,d,d,167.47998
NewMedia16,USER_20,Mechanical Reasoning,Graphical,b,b,35.80225
NewMedia6,USER_20,Deductive Reasoning,Textual,a,a,104.77539
NewMedia20,USER_20,Spatial Reasoning,Graphical,c,c,99.10938
NewMedia4,USER_20,Deductive Reasoning,Textual,a,a,29.98242
NewMedia6,USER_21,Deductive Reasoning,Textual,a,c,87.81543
NewMedia21,USER_21,Spatial Reasoning,Graphical,b,b,25.50732
NewMedia18,USER_21,Mechanical Reasoning,Graphical,a,a,12.38574
NewMedia3,USER_21,Critical Thinking,Textual,a,a,32.70068
NewMedia10,USER_21,Inductive Reasoning,Graphical,d,a,47.51855
NewMedia16,USER_21,Mechanical Reasoning,Graphical,b,a,13.51025
NewMedia8,USER_21,Diagrammatic Reasoning,Graphical,c,b,98.07764
NewMedia17,USER_21,Mechanical Reasoning,Graphical,b,b,23.8667
NewMedia20,USER_21,Spatial Reasoning,Graphical,c,c,73.58887
NewMedia13,USER_21,Logical Reasoning,Graphical,d,d,20.02051
NewMedia7,USER_21,Diagrammatic Reasoning,Graphical,b,d,41.32861
NewMedia24,USER_21,Verbal Reasoning,Textual,b,d,84.68799
NewMedia15,USER_21,Logical Reasoning,Graphical,c,a,49.1123
NewMedia1,USER_21,Critical Thinking,Textual,b,a,26.27686
NewMedia9,USER_21,Diagrammatic Reasoning,Graphical,b,a,58.38965
NewMedia19,USER_21,Spatial Reasoning,Graphical,b,a,29.27197
NewMedia11,USER_21,Inductive Reasoning,Graphical,b,c,16.71191
NewMedia22,USER_21,Verbal Reasoning,Textual,d,d,53.165040000000005
NewMedia12,USER_21,Inductive Reasoning,Graphical,d,d,49.8291
NewMedia2,USER_21,Critical Thinking,Textual,a,a,42.73535
NewMedia4,USER_21,Deductive Reasoning,Textual,a,a,38.09424
NewMedia5,USER_21,Deductive Reasoning,Textual,b,c,23.46387
NewMedia14,USER_21,Logical Reasoning,Graphical,a,a,77.15234
NewMedia23,USER_21,Verbal Reasoning,Textual,d,d,92.73193
NewMedia11,USER_22,Inductive Reasoning,Graphical,b,b,22.48605
NewMedia22,USER_22,Verbal Reasoning,Textual,d,d,187.01901
NewMedia20,USER_22,Spatial Reasoning,Graphical,c,c,29.587040000000002
NewMedia6,USER_22,Deductive Reasoning,Textual,a,c,77.58057
NewMedia17,USER_22,Mechanical Reasoning,Graphical,b,b,20.84515
NewMedia23,USER_22,Verbal Reasoning,Textual,d,c,25.07214
NewMedia7,USER_22,Diagrammatic Reasoning,Graphical,b,b,45.64954
NewMedia19,USER_22,Spatial Reasoning,Graphical,b,b,30.82074
NewMedia12,USER_22,Inductive Reasoning,Graphical,d,d,14.334229999999998
NewMedia21,USER_22,Spatial Reasoning,Graphical,b,c,11.615110000000001
NewMedia15,USER_22,Logical Reasoning,Graphical,c,c,26.7533
NewMedia24,USER_22,Verbal Reasoning,Textual,b,b,63.13214
NewMedia2,USER_22,Critical Thinking,Textual,a,b,31.89783
NewMedia16,USER_22,Mechanical Reasoning,Graphical,b,b,10.74408
NewMedia14,USER_22,Logical Reasoning,Graphical,a,b,57.99511999999999
NewMedia8,USER_22,Diagrammatic Reasoning,Graphical,c,c,73.07275
NewMedia5,USER_22,Deductive Reasoning,Textual,b,b,165.41663
NewMedia1,USER_22,Critical Thinking,Textual,b,b,44.68469
NewMedia18,USER_22,Mechanical Reasoning,Graphical,a,a,26.14368
NewMedia3,USER_22,Critical Thinking,Textual,a,b,78.51172
NewMedia9,USER_22,Diagrammatic Reasoning,Graphical,b,b,33.51208
NewMedia10,USER_22,Inductive Reasoning,Graphical,d,a,88.95483
NewMedia13,USER_22,Logical Reasoning,Graphical,d,d,128.94421
NewMedia4,USER_22,Deductive Reasoning,Textual,a,a,34.48352
NewMedia4,USER_24,Deductive Reasoning,Textual,a,a,86.91211
NewMedia7,USER_24,Diagrammatic Reasoning,Graphical,b,b,56.33984
NewMedia2,USER_24,Critical Thinking,Textual,a,a,50.39844
NewMedia14,USER_24,Logical Reasoning,Graphical,a,a,45.321290000000005
NewMedia18,USER_24,Mechanical Reasoning,Graphical,a,a,38.5957
NewMedia9,USER_24,Diagrammatic Reasoning,Graphical,b,b,57.8877
NewMedia1,USER_24,Critical Thinking,Textual,b,b,71.91356999999999
NewMedia17,USER_24,Mechanical Reasoning,Graphical,b,b,11.04541
NewMedia3,USER_24,Critical Thinking,Textual,a,a,44.40381
NewMedia20,USER_24,Spatial Reasoning,Graphical,c,c,23.18945
NewMedia23,USER_24,Verbal Reasoning,Textual,d,c,109.99463
NewMedia8,USER_24,Diagrammatic Reasoning,Graphical,c,c,42.96387
NewMedia11,USER_24,Inductive Reasoning,Graphical,b,b,63.9292
NewMedia5,USER_24,Deductive Reasoning,Textual,b,b,42.13281
NewMedia24,USER_24,Verbal Reasoning,Textual,b,b,57.24511999999999
NewMedia19,USER_24,Spatial Reasoning,Graphical,b,b,66.62891
NewMedia22,USER_24,Verbal Reasoning,Textual,d,d,103.71143000000001
NewMedia12,USER_24,Inductive Reasoning,Graphical,d,d,12.15088
NewMedia13,USER_24,Logical Reasoning,Graphical,d,d,43.8877
NewMedia16,USER_24,Mechanical Reasoning,Graphical,b,b,10.81738
NewMedia21,USER_24,Spatial Reasoning,Graphical,b,b,18.32031
NewMedia15,USER_24,Logical Reasoning,Graphical,c,c,20.58447
NewMedia10,USER_24,Inductive Reasoning,Graphical,d,a,67.72705
NewMedia6,USER_24,Deductive Reasoning,Textual,a,a,83.26074
NewMedia24,USER_27,Verbal Reasoning,Textual,b,a,38.676759999999994
NewMedia16,USER_27,Mechanical Reasoning,Graphical,b,b,15.74805
NewMedia17,USER_27,Mechanical Reasoning,Graphical,b,b,30.87207
NewMedia9,USER_27,Diagrammatic Reasoning,Graphical,b,b,160.69433999999998
NewMedia1,USER_27,Critical Thinking,Textual,b,b,73.25391
NewMedia2,USER_27,Critical Thinking,Textual,a,b,72.38965
NewMedia11,USER_27,Inductive Reasoning,Graphical,b,b,84.33887
NewMedia19,USER_27,Spatial Reasoning,Graphical,b,b,136.07813000000002
NewMedia21,USER_27,Spatial Reasoning,Graphical,b,a,140.05664
NewMedia23,USER_27,Verbal Reasoning,Textual,d,d,202.31933999999998
NewMedia22,USER_27,Verbal Reasoning,Textual,d,d,202.23828
NewMedia8,USER_27,Diagrammatic Reasoning,Graphical,c,c,120.80663999999999
NewMedia4,USER_27,Deductive Reasoning,Textual,a,a,157.86719
NewMedia6,USER_27,Deductive Reasoning,Textual,a,a,90.9375
NewMedia7,USER_27,Diagrammatic Reasoning,Graphical,b,b,84.48828
NewMedia5,USER_27,Deductive Reasoning,Textual,b,b,49.92969
NewMedia10,USER_27,Inductive Reasoning,Graphical,d,a,112.16601999999999
NewMedia12,USER_27,Inductive Reasoning,Graphical,d,d,142.5625
NewMedia18,USER_27,Mechanical Reasoning,Graphical,a,a,89.39063
NewMedia13,USER_27,Logical Reasoning,Graphical,d,d,212.82031
NewMedia15,USER_27,Logical Reasoning,Graphical,c,c,40.88086
NewMedia14,USER_27,Logical Reasoning,Graphical,a,a,79.08594000000001
NewMedia3,USER_27,Critical Thinking,Textual,a,b,49.45508
NewMedia20,USER_27,Spatial Reasoning,Graphical,c,c,48.25
NewMedia8,USER_28,Diagrammatic Reasoning,Graphical,c,a,68.19672
NewMedia18,USER_28,Mechanical Reasoning,Graphical,a,a,33.2041
NewMedia20,USER_28,Spatial Reasoning,Graphical,c,c,30.571590000000004
NewMedia1,USER_28,Critical Thinking,Textual,b,a,48.87897
NewMedia2,USER_28,Critical Thinking,Textual,a,b,54.377869999999994
NewMedia4,USER_28,Deductive Reasoning,Textual,a,a,90.61652
NewMedia13,USER_28,Logical Reasoning,Graphical,d,d,31.897579999999998
NewMedia10,USER_28,Inductive Reasoning,Graphical,d,a,35.5957
NewMedia12,USER_28,Inductive Reasoning,Graphical,d,d,29.76111
NewMedia11,USER_28,Inductive Reasoning,Graphical,b,b,34.91943
NewMedia6,USER_28,Deductive Reasoning,Textual,a,c,82.5647
NewMedia14,USER_28,Logical Reasoning,Graphical,a,c,48.729490000000006
NewMedia5,USER_28,Deductive Reasoning,Textual,b,b,70.77515
NewMedia7,USER_28,Diagrammatic Reasoning,Graphical,b,b,65.87256
NewMedia23,USER_28,Verbal Reasoning,Textual,d,d,104.87061000000001
NewMedia24,USER_28,Verbal Reasoning,Textual,b,c,59.3009
NewMedia17,USER_28,Mechanical Reasoning,Graphical,b,b,8.30579
NewMedia15,USER_28,Logical Reasoning,Graphical,c,a,24.415770000000002
NewMedia16,USER_28,Mechanical Reasoning,Graphical,b,b,5.96191
NewMedia19,USER_28,Spatial Reasoning,Graphical,b,b,81.81396
NewMedia9,USER_28,Diagrammatic Reasoning,Graphical,b,a,64.08459
NewMedia22,USER_28,Verbal Reasoning,Textual,d,d,83.91077
NewMedia21,USER_28,Spatial Reasoning,Graphical,b,b,24.33533
NewMedia3,USER_28,Critical Thinking,Textual,a,a,33.92102
NewMedia20,USER_29,Spatial Reasoning,Graphical,c,d,22.30566
NewMedia3,USER_29,Critical Thinking,Textual,a,b,57.44556
NewMedia21,USER_29,Spatial Reasoning,Graphical,b,b,13.06812
NewMedia12,USER_29,Inductive Reasoning,Graphical,d,d,11.89648
NewMedia1,USER_29,Critical Thinking,Textual,b,b,42.77588
NewMedia7,USER_29,Diagrammatic Reasoning,Graphical,b,b,52.930659999999996
NewMedia8,USER_29,Diagrammatic Reasoning,Graphical,c,b,43.28516
NewMedia22,USER_29,Verbal Reasoning,Textual,d,d,59.066159999999996
NewMedia5,USER_29,Deductive Reasoning,Textual,b,b,49.67505
NewMedia14,USER_29,Logical Reasoning,Graphical,a,b,47.163090000000004
NewMedia4,USER_29,Deductive Reasoning,Textual,a,a,29.36572
NewMedia19,USER_29,Spatial Reasoning,Graphical,b,b,39.17261
NewMedia17,USER_29,Mechanical Reasoning,Graphical,b,b,31.663090000000004
NewMedia9,USER_29,Diagrammatic Reasoning,Graphical,b,b,48.1748
NewMedia15,USER_29,Logical Reasoning,Graphical,c,a,47.00952
NewMedia6,USER_29,Deductive Reasoning,Textual,a,a,87.68236999999999
NewMedia16,USER_29,Mechanical Reasoning,Graphical,b,b,27.87183
NewMedia10,USER_29,Inductive Reasoning,Graphical,d,a,40.56543
NewMedia23,USER_29,Verbal Reasoning,Textual,d,d,103.23584
NewMedia24,USER_29,Verbal Reasoning,Textual,b,b,77.66748
NewMedia11,USER_29,Inductive Reasoning,Graphical,b,b,23.67847
NewMedia13,USER_29,Logical Reasoning,Graphical,d,d,35.4209
NewMedia2,USER_29,Critical Thinking,Textual,a,a,25.50757
NewMedia18,USER_29,Mechanical Reasoning,Graphical,a,b,50.8877
NewMedia12,USER_31,Inductive Reasoning,Graphical,d,d,11.71573
NewMedia16,USER_31,Mechanical Reasoning,Graphical,b,a,10.4425
NewMedia22,USER_31,Verbal Reasoning,Textual,d,d,45.43417
NewMedia17,USER_31,Mechanical Reasoning,Graphical,b,c,6.2897
NewMedia23,USER_31,Verbal Reasoning,Textual,d,d,61.5451
NewMedia19,USER_31,Spatial Reasoning,Graphical,b,b,29.15097
NewMedia1,USER_31,Critical Thinking,Textual,b,a,37.49149
NewMedia11,USER_31,Inductive Reasoning,Graphical,b,b,38.09317
NewMedia10,USER_31,Inductive Reasoning,Graphical,d,a,12.79425
NewMedia21,USER_31,Spatial Reasoning,Graphical,b,c,27.18185
NewMedia6,USER_31,Deductive Reasoning,Textual,a,a,70.10507
NewMedia4,USER_31,Deductive Reasoning,Textual,a,a,49.9632
NewMedia18,USER_31,Mechanical Reasoning,Graphical,a,a,25.6347
NewMedia20,USER_31,Spatial Reasoning,Graphical,c,c,67.66058000000001
NewMedia13,USER_31,Logical Reasoning,Graphical,d,d,40.478390000000005
NewMedia2,USER_31,Critical Thinking,Textual,a,a,30.866329999999998
NewMedia9,USER_31,Diagrammatic Reasoning,Graphical,b,a,94.30023
NewMedia5,USER_31,Deductive Reasoning,Textual,b,b,36.11157
NewMedia24,USER_31,Verbal Reasoning,Textual,b,b,64.42511
NewMedia7,USER_31,Diagrammatic Reasoning,Graphical,b,a,25.55225
NewMedia3,USER_31,Critical Thinking,Textual,a,b,30.48413
NewMedia14,USER_31,Logical Reasoning,Graphical,a,a,42.62903
NewMedia8,USER_31,Diagrammatic Reasoning,Graphical,c,c,26.043210000000002
NewMedia15,USER_31,Logical Reasoning,Graphical,c,d,48.97888
NewMedia4,USER_32,Deductive Reasoning,Textual,a,a,73.18698
NewMedia10,USER_32,Inductive Reasoning,Graphical,d,b,87.57474
NewMedia13,USER_32,Logical Reasoning,Graphical,d,d,52.83719
NewMedia15,USER_32,Logical Reasoning,Graphical,c,c,51.80554
NewMedia6,USER_32,Deductive Reasoning,Textual,a,a,120.34991000000001
NewMedia17,USER_32,Mechanical Reasoning,Graphical,b,b,45.65607
NewMedia20,USER_32,Spatial Reasoning,Graphical,c,c,59.48718
NewMedia19,USER_32,Spatial Reasoning,Graphical,b,d,45.30988
NewMedia14,USER_32,Logical Reasoning,Graphical,a,a,53.24567
NewMedia9,USER_32,Diagrammatic Reasoning,Graphical,b,b,104.8905
NewMedia21,USER_32,Spatial Reasoning,Graphical,b,b,81.68103
NewMedia11,USER_32,Inductive Reasoning,Graphical,b,b,51.698
NewMedia8,USER_32,Diagrammatic Reasoning,Graphical,c,c,129.03796
NewMedia22,USER_32,Verbal Reasoning,Textual,d,d,98.5675
NewMedia12,USER_32,Inductive Reasoning,Graphical,d,d,30.08875
NewMedia5,USER_32,Deductive Reasoning,Textual,b,b,55.90416999999999
NewMedia16,USER_32,Mechanical Reasoning,Graphical,b,b,16.759520000000002
NewMedia24,USER_32,Verbal Reasoning,Textual,b,b,122.70813000000001
NewMedia23,USER_32,Verbal Reasoning,Textual,d,d,142.76282
NewMedia1,USER_32,Critical Thinking,Textual,b,a,52.676269999999995
NewMedia3,USER_32,Critical Thinking,Textual,a,a,63.23352
NewMedia2,USER_32,Critical Thinking,Textual,a,b,77.58044
NewMedia7,USER_32,Diagrammatic Reasoning,Graphical,b,b,38.14734
NewMedia18,USER_32,Mechanical Reasoning,Graphical,a,b,75.47095
NewMedia4,USER_33,Deductive Reasoning,Textual,a,a,134.64453
NewMedia8,USER_33,Diagrammatic Reasoning,Graphical,c,b,119.92138999999999
NewMedia24,USER_33,Verbal Reasoning,Textual,b,b,75.3501
NewMedia3,USER_33,Critical Thinking,Textual,a,a,35.51538
NewMedia16,USER_33,Mechanical Reasoning,Graphical,b,b,20.99268
NewMedia9,USER_33,Diagrammatic Reasoning,Graphical,b,b,36.907959999999996
NewMedia23,USER_33,Verbal Reasoning,Textual,d,d,145.62305
NewMedia20,USER_33,Spatial Reasoning,Graphical,c,c,35.70239
NewMedia21,USER_33,Spatial Reasoning,Graphical,b,b,37.80615
NewMedia19,USER_33,Spatial Reasoning,Graphical,b,b,44.47119
NewMedia1,USER_33,Critical Thinking,Textual,b,b,48.33545
NewMedia11,USER_33,Inductive Reasoning,Graphical,b,c,133.78638
NewMedia17,USER_33,Mechanical Reasoning,Graphical,b,b,30.083009999999998
NewMedia18,USER_33,Mechanical Reasoning,Graphical,a,a,170.92261000000002
NewMedia13,USER_33,Logical Reasoning,Graphical,d,d,48.33545
NewMedia2,USER_33,Critical Thinking,Textual,a,a,17.65674
NewMedia10,USER_33,Inductive Reasoning,Graphical,d,a,90.65503000000001
NewMedia6,USER_33,Deductive Reasoning,Textual,a,a,94.06494
NewMedia14,USER_33,Logical Reasoning,Graphical,a,a,74.7124
NewMedia7,USER_33,Diagrammatic Reasoning,Graphical,b,b,193.91797
NewMedia15,USER_33,Logical Reasoning,Graphical,c,c,34.69727
NewMedia22,USER_33,Verbal Reasoning,Textual,d,d,51.16943
NewMedia12,USER_33,Inductive Reasoning,Graphical,d,d,20.9917
NewMedia5,USER_33,Deductive Reasoning,Textual,b,b,71.6792
NewMedia8,USER_34,Diagrammatic Reasoning,Graphical,c,b,46.79492
NewMedia15,USER_34,Logical Reasoning,Graphical,c,c,62.54297
NewMedia23,USER_34,Verbal Reasoning,Textual,d,d,91.90918
NewMedia22,USER_34,Verbal Reasoning,Textual,d,b,95.40576
NewMedia2,USER_34,Critical Thinking,Textual,a,a,28.0127
NewMedia10,USER_34,Inductive Reasoning,Graphical,d,b,51.71875
NewMedia24,USER_34,Verbal Reasoning,Textual,b,b,53.86963000000001
NewMedia6,USER_34,Deductive Reasoning,Textual,a,a,82.20752
NewMedia20,USER_34,Spatial Reasoning,Graphical,c,c,32.62793
NewMedia11,USER_34,Inductive Reasoning,Graphical,b,b,31.91797
NewMedia9,USER_34,Diagrammatic Reasoning,Graphical,b,b,42.876459999999994
NewMedia3,USER_34,Critical Thinking,Textual,a,a,21.27393
NewMedia4,USER_34,Deductive Reasoning,Textual,a,a,50.0166
NewMedia1,USER_34,Critical Thinking,Textual,b,a,42.43506
NewMedia17,USER_34,Mechanical Reasoning,Graphical,b,b,30.83936
NewMedia13,USER_34,Logical Reasoning,Graphical,d,d,27.953129999999998
NewMedia7,USER_34,Diagrammatic Reasoning,Graphical,b,b,33.8335
NewMedia19,USER_34,Spatial Reasoning,Graphical,b,b,22.057129999999997
NewMedia5,USER_34,Deductive Reasoning,Textual,b,b,41.12793
NewMedia21,USER_34,Spatial Reasoning,Graphical,b,b,51.256840000000004
NewMedia12,USER_34,Inductive Reasoning,Graphical,d,d,15.78711
NewMedia18,USER_34,Mechanical Reasoning,Graphical,a,a,23.16309
NewMedia16,USER_34,Mechanical Reasoning,Graphical,b,b,11.56152
NewMedia14,USER_34,Logical Reasoning,Graphical,a,a,36.39258
NewMedia5,USER_35,Deductive Reasoning,Textual,b,b,61.571619999999996
NewMedia11,USER_35,Inductive Reasoning,Graphical,b,c,44.63165
NewMedia17,USER_35,Mechanical Reasoning,Graphical,b,b,36.171690000000005
NewMedia20,USER_35,Spatial Reasoning,Graphical,c,c,42.80365
NewMedia7,USER_35,Diagrammatic Reasoning,Graphical,b,a,54.16998
NewMedia19,USER_35,Spatial Reasoning,Graphical,b,a,14.234070000000001
NewMedia12,USER_35,Inductive Reasoning,Graphical,d,d,18.38715
NewMedia16,USER_35,Mechanical Reasoning,Graphical,b,b,34.10889
NewMedia21,USER_35,Spatial Reasoning,Graphical,b,a,73.62915
NewMedia13,USER_35,Logical Reasoning,Graphical,d,d,61.60547
NewMedia9,USER_35,Diagrammatic Reasoning,Graphical,b,b,67.41272
NewMedia14,USER_35,Logical Reasoning,Graphical,a,b,36.43262
NewMedia6,USER_35,Deductive Reasoning,Textual,a,b,116.49181999999999
NewMedia8,USER_35,Diagrammatic Reasoning,Graphical,c,d,30.417240000000003
NewMedia23,USER_35,Verbal Reasoning,Textual,d,c,110.93213
NewMedia4,USER_35,Deductive Reasoning,Textual,a,b,33.16406
NewMedia15,USER_35,Logical Reasoning,Graphical,c,a,21.88354
NewMedia3,USER_35,Critical Thinking,Textual,a,b,35.394529999999996
NewMedia2,USER_35,Critical Thinking,Textual,a,b,44.43054
NewMedia10,USER_35,Inductive Reasoning,Graphical,d,a,11.541260000000001
NewMedia18,USER_35,Mechanical Reasoning,Graphical,a,b,32.38062
NewMedia22,USER_35,Verbal Reasoning,Textual,d,a,78.87329
NewMedia1,USER_35,Critical Thinking,Textual,b,b,61.93311
NewMedia24,USER_35,Verbal Reasoning,Textual,b,b,103.45679
NewMedia23,USER_36,Verbal Reasoning,Textual,d,d,51.46436
NewMedia22,USER_36,Verbal Reasoning,Textual,d,a,82.99316
NewMedia20,USER_36,Spatial Reasoning,Graphical,c,c,22.55347
NewMedia15,USER_36,Logical Reasoning,Graphical,c,c,38.02026
NewMedia17,USER_36,Mechanical Reasoning,Graphical,b,b,34.25586
NewMedia21,USER_36,Spatial Reasoning,Graphical,b,b,36.90161
NewMedia13,USER_36,Logical Reasoning,Graphical,d,d,31.24121
NewMedia2,USER_36,Critical Thinking,Textual,a,a,76.71729
NewMedia10,USER_36,Inductive Reasoning,Graphical,d,a,97.99121
NewMedia4,USER_36,Deductive Reasoning,Textual,a,a,175.53833
NewMedia19,USER_36,Spatial Reasoning,Graphical,b,b,59.06641
NewMedia11,USER_36,Inductive Reasoning,Graphical,b,b,46.73486
NewMedia8,USER_36,Diagrammatic Reasoning,Graphical,c,b,129.16724
NewMedia14,USER_36,Logical Reasoning,Graphical,a,a,57.33765
NewMedia16,USER_36,Mechanical Reasoning,Graphical,b,b,26.51196
NewMedia3,USER_36,Critical Thinking,Textual,a,a,71.97461
NewMedia9,USER_36,Diagrammatic Reasoning,Graphical,b,b,181.40625
NewMedia7,USER_36,Diagrammatic Reasoning,Graphical,b,a,94.01221
NewMedia6,USER_36,Deductive Reasoning,Textual,a,a,97.11279
NewMedia24,USER_36,Verbal Reasoning,Textual,b,b,75.87988
NewMedia12,USER_36,Inductive Reasoning,Graphical,d,d,48.79834
NewMedia18,USER_36,Mechanical Reasoning,Graphical,a,a,61.17578
NewMedia1,USER_36,Critical Thinking,Textual,b,a,52.977540000000005
NewMedia5,USER_36,Deductive Reasoning,Textual,b,b,110.88525
NewMedia6,USER_37,Deductive Reasoning,Textual,a,a,73.4209
NewMedia7,USER_37,Diagrammatic Reasoning,Graphical,b,b,173.28076000000001
NewMedia4,USER_37,Deductive Reasoning,Textual,a,a,70.20557
NewMedia16,USER_37,Mechanical Reasoning,Graphical,b,b,31.094240000000003
NewMedia2,USER_37,Critical Thinking,Textual,a,a,44.53125
NewMedia22,USER_37,Verbal Reasoning,Textual,d,d,65.48975
NewMedia18,USER_37,Mechanical Reasoning,Graphical,a,a,29.50635
NewMedia23,USER_37,Verbal Reasoning,Textual,d,d,207.02686
NewMedia21,USER_37,Spatial Reasoning,Graphical,b,c,47.67285
NewMedia14,USER_37,Logical Reasoning,Graphical,a,d,162.1084
NewMedia15,USER_37,Logical Reasoning,Graphical,c,a,25.33301
NewMedia9,USER_37,Diagrammatic Reasoning,Graphical,b,b,76.19385
NewMedia12,USER_37,Inductive Reasoning,Graphical,d,d,39.54053
NewMedia20,USER_37,Spatial Reasoning,Graphical,c,d,103.57715
NewMedia13,USER_37,Logical Reasoning,Graphical,d,d,32.39307
NewMedia3,USER_37,Critical Thinking,Textual,a,a,60.573730000000005
NewMedia11,USER_37,Inductive Reasoning,Graphical,b,a,45.12598
NewMedia17,USER_37,Mechanical Reasoning,Graphical,b,b,50.9751
NewMedia5,USER_37,Deductive Reasoning,Textual,b,b,58.094730000000006
NewMedia24,USER_37,Verbal Reasoning,Textual,b,b,117.11475
NewMedia8,USER_37,Diagrammatic Reasoning,Graphical,c,b,49.62109
NewMedia1,USER_37,Critical Thinking,Textual,b,a,51.34961
NewMedia19,USER_37,Spatial Reasoning,Graphical,b,c,130.43115
NewMedia10,USER_37,Inductive Reasoning,Graphical,d,a,40.9165
NewMedia6,USER_38,Deductive Reasoning,Textual,a,a,126.24542
NewMedia3,USER_38,Critical Thinking,Textual,a,a,40.062870000000004
NewMedia7,USER_38,Diagrammatic Reasoning,Graphical,b,a,53.95618
NewMedia19,USER_38,Spatial Reasoning,Graphical,b,b,40.0636
NewMedia20,USER_38,Spatial Reasoning,Graphical,c,c,93.34246999999999
NewMedia24,USER_38,Verbal Reasoning,Textual,b,b,95.77405
NewMedia23,USER_38,Verbal Reasoning,Textual,d,d,136.75451999999999
NewMedia18,USER_38,Mechanical Reasoning,Graphical,a,a,44.36353
NewMedia2,USER_38,Critical Thinking,Textual,a,a,67.42664
NewMedia9,USER_38,Diagrammatic Reasoning,Graphical,b,b,165.23608000000002
NewMedia14,USER_38,Logical Reasoning,Graphical,a,a,73.11365
NewMedia8,USER_38,Diagrammatic Reasoning,Graphical,c,c,79.59766
NewMedia15,USER_38,Logical Reasoning,Graphical,c,c,47.6593
NewMedia5,USER_38,Deductive Reasoning,Textual,b,a,184.13891999999998
NewMedia11,USER_38,Inductive Reasoning,Graphical,b,b,76.99829
NewMedia13,USER_38,Logical Reasoning,Graphical,d,d,50.22461
NewMedia17,USER_38,Mechanical Reasoning,Graphical,b,b,47.4917
NewMedia4,USER_38,Deductive Reasoning,Textual,a,a,103.34961
NewMedia1,USER_38,Critical Thinking,Textual,b,a,62.98486
NewMedia16,USER_38,Mechanical Reasoning,Graphical,b,b,14.615720000000001
NewMedia10,USER_38,Inductive Reasoning,Graphical,d,a,78.60645
NewMedia21,USER_38,Spatial Reasoning,Graphical,b,b,23.68506
NewMedia12,USER_38,Inductive Reasoning,Graphical,d,c,32.53418
NewMedia22,USER_38,Verbal Reasoning,Textual,d,d,151.71875
NewMedia18,USER_39,Mechanical Reasoning,Graphical,a,a,22.92847
NewMedia22,USER_39,Verbal Reasoning,Textual,d,c,47.99414
NewMedia5,USER_39,Deductive Reasoning,Textual,b,a,77.44019
NewMedia16,USER_39,Mechanical Reasoning,Graphical,b,b,17.23535
NewMedia2,USER_39,Critical Thinking,Textual,a,a,52.85034
NewMedia11,USER_39,Inductive Reasoning,Graphical,b,b,19.55273
NewMedia21,USER_39,Spatial Reasoning,Graphical,b,b,28.635740000000002
NewMedia4,USER_39,Deductive Reasoning,Textual,a,a,49.675779999999996
NewMedia24,USER_39,Verbal Reasoning,Textual,b,b,95.02393000000001
NewMedia6,USER_39,Deductive Reasoning,Textual,a,a,94.16553
NewMedia10,USER_39,Inductive Reasoning,Graphical,d,a,66.30664
NewMedia1,USER_39,Critical Thinking,Textual,b,a,64.25780999999999
NewMedia14,USER_39,Logical Reasoning,Graphical,a,a,44.37012
NewMedia13,USER_39,Logical Reasoning,Graphical,d,d,76.22754
NewMedia7,USER_39,Diagrammatic Reasoning,Graphical,b,b,100.71045
NewMedia19,USER_39,Spatial Reasoning,Graphical,b,b,27.90527
NewMedia3,USER_39,Critical Thinking,Textual,a,b,33.98438
NewMedia8,USER_39,Diagrammatic Reasoning,Graphical,c,c,48.78076
NewMedia17,USER_39,Mechanical Reasoning,Graphical,b,b,14.930660000000001
NewMedia15,USER_39,Logical Reasoning,Graphical,c,c,44.243159999999996
NewMedia20,USER_39,Spatial Reasoning,Graphical,c,c,25.06494
NewMedia23,USER_39,Verbal Reasoning,Textual,d,c,91.92236
NewMedia12,USER_39,Inductive Reasoning,Graphical,d,d,19.28418
NewMedia9,USER_39,Diagrammatic Reasoning,Graphical,b,b,27.80518
NewMedia16,USER_40,Mechanical Reasoning,Graphical,b,b,37.478640000000006
NewMedia15,USER_40,Logical Reasoning,Graphical,c,d,30.927609999999998
NewMedia20,USER_40,Spatial Reasoning,Graphical,c,c,62.6709
NewMedia18,USER_40,Mechanical Reasoning,Graphical,a,a,64.35181
NewMedia13,USER_40,Logical Reasoning,Graphical,d,d,61.72583
NewMedia6,USER_40,Deductive Reasoning,Textual,a,a,84.65454
NewMedia23,USER_40,Verbal Reasoning,Textual,d,c,136.5874
NewMedia12,USER_40,Inductive Reasoning,Graphical,d,d,145.88353999999998
NewMedia4,USER_40,Deductive Reasoning,Textual,a,a,53.64099
NewMedia1,USER_40,Critical Thinking,Textual,b,a,36.646609999999995
NewMedia19,USER_40,Spatial Reasoning,Graphical,b,b,92.31090999999999
NewMedia22,USER_40,Verbal Reasoning,Textual,d,d,64.73206
NewMedia10,USER_40,Inductive Reasoning,Graphical,d,c,131.16748
NewMedia2,USER_40,Critical Thinking,Textual,a,a,25.84949
NewMedia24,USER_40,Verbal Reasoning,Textual,b,b,75.53101
NewMedia11,USER_40,Inductive Reasoning,Graphical,b,c,155.69727
NewMedia17,USER_40,Mechanical Reasoning,Graphical,b,a,50.21143
NewMedia5,USER_40,Deductive Reasoning,Textual,b,b,48.690670000000004
NewMedia8,USER_40,Diagrammatic Reasoning,Graphical,c,c,118.64818999999999
NewMedia3,USER_40,Critical Thinking,Textual,a,b,28.75635
NewMedia14,USER_40,Logical Reasoning,Graphical,a,a,117.2085
NewMedia7,USER_40,Diagrammatic Reasoning,Graphical,b,b,71.83374
NewMedia21,USER_40,Spatial Reasoning,Graphical,b,b,104.11328
NewMedia9,USER_40,Diagrammatic Reasoning,Graphical,b,b,126.29858
NewMedia17,USER_41,Mechanical Reasoning,Graphical,b,b,26.55933
NewMedia20,USER_41,Spatial Reasoning,Graphical,c,c,56.41333
NewMedia7,USER_41,Diagrammatic Reasoning,Graphical,b,d,65.97998
NewMedia10,USER_41,Inductive Reasoning,Graphical,d,a,53.88208
NewMedia8,USER_41,Diagrammatic Reasoning,Graphical,c,b,78.94043
NewMedia5,USER_41,Deductive Reasoning,Textual,b,c,64.09045
NewMedia2,USER_41,Critical Thinking,Textual,a,a,69.45605
NewMedia16,USER_41,Mechanical Reasoning,Graphical,b,b,27.355959999999996
NewMedia22,USER_41,Verbal Reasoning,Textual,d,d,79.98523
NewMedia13,USER_41,Logical Reasoning,Graphical,d,d,52.73608
NewMedia6,USER_41,Deductive Reasoning,Textual,a,a,82.84619
NewMedia12,USER_41,Inductive Reasoning,Graphical,d,d,22.21179
NewMedia4,USER_41,Deductive Reasoning,Textual,a,a,27.664309999999997
NewMedia24,USER_41,Verbal Reasoning,Textual,b,b,86.35583000000001
NewMedia18,USER_41,Mechanical Reasoning,Graphical,a,a,60.506840000000004
NewMedia9,USER_41,Diagrammatic Reasoning,Graphical,b,d,115.99585
NewMedia19,USER_41,Spatial Reasoning,Graphical,b,a,32.80859
NewMedia3,USER_41,Critical Thinking,Textual,a,a,35.34131
NewMedia14,USER_41,Logical Reasoning,Graphical,a,c,56.447019999999995
NewMedia15,USER_41,Logical Reasoning,Graphical,c,c,80.08643000000001
NewMedia11,USER_41,Inductive Reasoning,Graphical,b,d,64.53833
NewMedia21,USER_41,Spatial Reasoning,Graphical,b,b,106.90648999999999
NewMedia1,USER_41,Critical Thinking,Textual,b,a,54.30396
NewMedia23,USER_41,Verbal Reasoning,Textual,d,d,124.20898000000001
NewMedia24,USER_42,Verbal Reasoning,Textual,b,b,76.80371
NewMedia19,USER_42,Spatial Reasoning,Graphical,b,b,134.66406
NewMedia13,USER_42,Logical Reasoning,Graphical,d,d,19.378420000000002
NewMedia23,USER_42,Verbal Reasoning,Textual,d,d,83.27393000000001
NewMedia21,USER_42,Spatial Reasoning,Graphical,b,a,40.00977
NewMedia5,USER_42,Deductive Reasoning,Textual,b,a,33.9873
NewMedia12,USER_42,Inductive Reasoning,Graphical,d,d,16.77246
NewMedia17,USER_42,Mechanical Reasoning,Graphical,b,b,36.52002
NewMedia16,USER_42,Mechanical Reasoning,Graphical,b,b,36.532709999999994
NewMedia3,USER_42,Critical Thinking,Textual,a,b,60.33203
NewMedia4,USER_42,Deductive Reasoning,Textual,a,a,36.94287
NewMedia20,USER_42,Spatial Reasoning,Graphical,c,c,77.21289
NewMedia1,USER_42,Critical Thinking,Textual,b,b,54.42383
NewMedia8,USER_42,Diagrammatic Reasoning,Graphical,c,b,90.46143000000001
NewMedia10,USER_42,Inductive Reasoning,Graphical,d,b,35.15967
NewMedia11,USER_42,Inductive Reasoning,Graphical,b,b,34.57666
NewMedia9,USER_42,Diagrammatic Reasoning,Graphical,b,a,42.36768
NewMedia15,USER_42,Logical Reasoning,Graphical,c,c,28.032709999999998
NewMedia14,USER_42,Logical Reasoning,Graphical,a,a,54.169430000000006
NewMedia7,USER_42,Diagrammatic Reasoning,Graphical,b,b,30.8667
NewMedia2,USER_42,Critical Thinking,Textual,a,b,44.14844
NewMedia22,USER_42,Verbal Reasoning,Textual,d,d,60.573240000000006
NewMedia18,USER_42,Mechanical Reasoning,Graphical,a,b,66.83008000000001
NewMedia6,USER_42,Deductive Reasoning,Textual,a,b,36.47266
NewMedia9,USER_43,Diagrammatic Reasoning,Graphical,b,b,68.35070999999999
NewMedia17,USER_43,Mechanical Reasoning,Graphical,b,b,18.41382
NewMedia15,USER_43,Logical Reasoning,Graphical,c,c,44.85266
NewMedia4,USER_43,Deductive Reasoning,Textual,a,a,67.52026
NewMedia1,USER_43,Critical Thinking,Textual,b,b,85.09009
NewMedia7,USER_43,Diagrammatic Reasoning,Graphical,b,b,29.54675
NewMedia10,USER_43,Inductive Reasoning,Graphical,d,a,12.30518
NewMedia8,USER_43,Diagrammatic Reasoning,Graphical,c,c,51.25574
NewMedia13,USER_43,Logical Reasoning,Graphical,d,d,36.47266
NewMedia21,USER_43,Spatial Reasoning,Graphical,b,b,44.772220000000004
NewMedia11,USER_43,Inductive Reasoning,Graphical,b,b,55.114259999999994
NewMedia12,USER_43,Inductive Reasoning,Graphical,d,d,25.80237
NewMedia23,USER_43,Verbal Reasoning,Textual,d,c,111.81653
NewMedia2,USER_43,Critical Thinking,Textual,a,b,45.66321
NewMedia5,USER_43,Deductive Reasoning,Textual,b,b,63.13306
NewMedia18,USER_43,Mechanical Reasoning,Graphical,a,a,24.17407
NewMedia3,USER_43,Critical Thinking,Textual,a,b,52.61597
NewMedia24,USER_43,Verbal Reasoning,Textual,b,b,78.78052
NewMedia19,USER_43,Spatial Reasoning,Graphical,b,b,34.05493
NewMedia6,USER_43,Deductive Reasoning,Textual,a,c,73.12573
NewMedia22,USER_43,Verbal Reasoning,Textual,d,d,134.32324
NewMedia14,USER_43,Logical Reasoning,Graphical,a,a,116.21094
NewMedia16,USER_43,Mechanical Reasoning,Graphical,b,b,7.8042
NewMedia20,USER_43,Spatial Reasoning,Graphical,c,c,51.57739
NewMedia1,USER_44,Critical Thinking,Textual,b,a,77.47412
NewMedia23,USER_44,Verbal Reasoning,Textual,d,d,151.21704
NewMedia16,USER_44,Mechanical Reasoning,Graphical,b,b,25.25879
NewMedia3,USER_44,Critical Thinking,Textual,a,a,67.09155
NewMedia6,USER_44,Deductive Reasoning,Textual,a,a,127.15576000000001
NewMedia18,USER_44,Mechanical Reasoning,Graphical,a,a,58.63135
NewMedia5,USER_44,Deductive Reasoning,Textual,b,b,67.64135999999999
NewMedia22,USER_44,Verbal Reasoning,Textual,d,d,159.74414
NewMedia14,USER_44,Logical Reasoning,Graphical,a,a,83.07373
NewMedia7,USER_44,Diagrammatic Reasoning,Graphical,b,a,139.74951000000001
NewMedia15,USER_44,Logical Reasoning,Graphical,c,c,35.72876
NewMedia20,USER_44,Spatial Reasoning,Graphical,c,c,43.60693
NewMedia9,USER_44,Diagrammatic Reasoning,Graphical,b,b,62.061040000000006
NewMedia12,USER_44,Inductive Reasoning,Graphical,d,d,34.0415
NewMedia4,USER_44,Deductive Reasoning,Textual,a,a,70.09229
NewMedia2,USER_44,Critical Thinking,Textual,a,a,28.233890000000002
NewMedia13,USER_44,Logical Reasoning,Graphical,d,d,20.79199
NewMedia19,USER_44,Spatial Reasoning,Graphical,b,b,34.20215
NewMedia21,USER_44,Spatial Reasoning,Graphical,b,b,23.58545
NewMedia10,USER_44,Inductive Reasoning,Graphical,d,d,69.22754
NewMedia24,USER_44,Verbal Reasoning,Textual,b,b,99.95459
NewMedia8,USER_44,Diagrammatic Reasoning,Graphical,c,c,46.540040000000005
NewMedia11,USER_44,Inductive Reasoning,Graphical,b,b,56.059569999999994
NewMedia17,USER_44,Mechanical Reasoning,Graphical,b,b,17.5498
NewMedia12,USER_45,Inductive Reasoning,Graphical,d,b,18.4342
NewMedia20,USER_45,Spatial Reasoning,Graphical,c,c,40.84729
NewMedia15,USER_45,Logical Reasoning,Graphical,c,d,36.47253
NewMedia2,USER_45,Critical Thinking,Textual,a,a,42.073240000000006
NewMedia4,USER_45,Deductive Reasoning,Textual,a,a,67.32593
NewMedia24,USER_45,Verbal Reasoning,Textual,b,b,110.57715
NewMedia17,USER_45,Mechanical Reasoning,Graphical,b,c,51.79248
NewMedia14,USER_45,Logical Reasoning,Graphical,a,a,65.81262
NewMedia19,USER_45,Spatial Reasoning,Graphical,b,b,80.33459
NewMedia16,USER_45,Mechanical Reasoning,Graphical,b,c,32.34644
NewMedia13,USER_45,Logical Reasoning,Graphical,d,d,29.43298
NewMedia8,USER_45,Diagrammatic Reasoning,Graphical,c,b,74.50635
NewMedia22,USER_45,Verbal Reasoning,Textual,d,d,69.98546999999999
NewMedia6,USER_45,Deductive Reasoning,Textual,a,a,140.01038
NewMedia23,USER_45,Verbal Reasoning,Textual,d,d,111.34119
NewMedia3,USER_45,Critical Thinking,Textual,a,a,33.78625
NewMedia9,USER_45,Diagrammatic Reasoning,Graphical,b,d,35.52148
NewMedia18,USER_45,Mechanical Reasoning,Graphical,a,b,97.63672
NewMedia10,USER_45,Inductive Reasoning,Graphical,d,a,15.822020000000002
NewMedia1,USER_45,Critical Thinking,Textual,b,a,51.5708
NewMedia11,USER_45,Inductive Reasoning,Graphical,b,c,63.333980000000004
NewMedia7,USER_45,Diagrammatic Reasoning,Graphical,b,b,24.7771
NewMedia5,USER_45,Deductive Reasoning,Textual,b,b,39.69556
NewMedia21,USER_45,Spatial Reasoning,Graphical,b,b,57.11694
NewMedia7,USER_46,Diagrammatic Reasoning,Graphical,b,b,87.54845999999999
NewMedia24,USER_46,Verbal Reasoning,Textual,b,b,72.11475
NewMedia11,USER_46,Inductive Reasoning,Graphical,b,b,166.24841
NewMedia22,USER_46,Verbal Reasoning,Textual,d,d,86.76477
NewMedia13,USER_46,Logical Reasoning,Graphical,d,d,86.95227
NewMedia1,USER_46,Critical Thinking,Textual,b,a,68.51831
NewMedia2,USER_46,Critical Thinking,Textual,a,a,91.33948000000001
NewMedia20,USER_46,Spatial Reasoning,Graphical,c,c,71.17798
NewMedia4,USER_46,Deductive Reasoning,Textual,a,a,88.24486999999999
NewMedia12,USER_46,Inductive Reasoning,Graphical,d,d,19.646
NewMedia10,USER_46,Inductive Reasoning,Graphical,d,a,49.863040000000005
NewMedia19,USER_46,Spatial Reasoning,Graphical,b,b,158.25708
NewMedia8,USER_46,Diagrammatic Reasoning,Graphical,c,c,131.5437
NewMedia23,USER_46,Verbal Reasoning,Textual,d,c,101.43457
NewMedia15,USER_46,Logical Reasoning,Graphical,c,c,59.15381
NewMedia21,USER_46,Spatial Reasoning,Graphical,b,b,169.33667
NewMedia16,USER_46,Mechanical Reasoning,Graphical,b,b,31.790770000000002
NewMedia3,USER_46,Critical Thinking,Textual,a,a,30.42383
NewMedia6,USER_46,Deductive Reasoning,Textual,a,a,114.07471000000001
NewMedia17,USER_46,Mechanical Reasoning,Graphical,b,b,30.33008
NewMedia14,USER_46,Logical Reasoning,Graphical,a,a,67.44678
NewMedia5,USER_46,Deductive Reasoning,Textual,b,b,67.90845
NewMedia9,USER_46,Diagrammatic Reasoning,Graphical,b,b,93.50341999999999
NewMedia18,USER_46,Mechanical Reasoning,Graphical,a,a,160.62842
NewMedia13,USER_47,Logical Reasoning,Graphical,d,d,26.338459999999998
NewMedia4,USER_47,Deductive Reasoning,Textual,a,c,54.77319
NewMedia3,USER_47,Critical Thinking,Textual,a,a,34.336290000000005
NewMedia9,USER_47,Diagrammatic Reasoning,Graphical,b,a,54.22436999999999
NewMedia11,USER_47,Inductive Reasoning,Graphical,b,b,25.7619
NewMedia6,USER_47,Deductive Reasoning,Textual,a,a,49.43475
NewMedia1,USER_47,Critical Thinking,Textual,b,a,65.61801
NewMedia10,USER_47,Inductive Reasoning,Graphical,d,b,21.200470000000003
NewMedia2,USER_47,Critical Thinking,Textual,a,a,32.011720000000004
NewMedia24,USER_47,Verbal Reasoning,Textual,b,b,69.12146
NewMedia16,USER_47,Mechanical Reasoning,Graphical,b,b,12.72687
NewMedia8,USER_47,Diagrammatic Reasoning,Graphical,c,c,90.19452
NewMedia14,USER_47,Logical Reasoning,Graphical,a,a,51.5506
NewMedia19,USER_47,Spatial Reasoning,Graphical,b,b,25.10565
NewMedia12,USER_47,Inductive Reasoning,Graphical,d,d,16.853270000000002
NewMedia15,USER_47,Logical Reasoning,Graphical,c,a,18.179570000000002
NewMedia17,USER_47,Mechanical Reasoning,Graphical,b,b,22.73358
NewMedia22,USER_47,Verbal Reasoning,Textual,d,d,61.71069
NewMedia7,USER_47,Diagrammatic Reasoning,Graphical,b,b,26.22437
NewMedia5,USER_47,Deductive Reasoning,Textual,b,b,56.427609999999994
NewMedia20,USER_47,Spatial Reasoning,Graphical,c,c,55.0611
NewMedia21,USER_47,Spatial Reasoning,Graphical,b,b,13.952760000000001
NewMedia18,USER_47,Mechanical Reasoning,Graphical,a,c,29.69397
NewMedia23,USER_47,Verbal Reasoning,Textual,d,c,37.905879999999996
NewMedia20,USER_48,Spatial Reasoning,Graphical,c,c,28.400879999999997
NewMedia22,USER_48,Verbal Reasoning,Textual,d,d,77.78174
NewMedia7,USER_48,Diagrammatic Reasoning,Graphical,b,b,85.27734
NewMedia23,USER_48,Verbal Reasoning,Textual,d,a,160.83545
NewMedia18,USER_48,Mechanical Reasoning,Graphical,a,a,80.81641
NewMedia6,USER_48,Deductive Reasoning,Textual,a,a,118.58203
NewMedia19,USER_48,Spatial Reasoning,Graphical,b,b,47.70605
NewMedia14,USER_48,Logical Reasoning,Graphical,a,a,46.225590000000004
NewMedia9,USER_48,Diagrammatic Reasoning,Graphical,b,a,99.16356999999999
NewMedia15,USER_48,Logical Reasoning,Graphical,c,a,47.85352
NewMedia1,USER_48,Critical Thinking,Textual,b,a,54.9873
NewMedia11,USER_48,Inductive Reasoning,Graphical,b,b,37.416990000000006
NewMedia2,USER_48,Critical Thinking,Textual,a,b,40.37842
NewMedia3,USER_48,Critical Thinking,Textual,a,b,28.11328
NewMedia21,USER_48,Spatial Reasoning,Graphical,b,b,62.3623
NewMedia13,USER_48,Logical Reasoning,Graphical,d,d,94.60205
NewMedia16,USER_48,Mechanical Reasoning,Graphical,b,b,19.39795
NewMedia12,USER_48,Inductive Reasoning,Graphical,d,d,12.99512
NewMedia8,USER_48,Diagrammatic Reasoning,Graphical,c,c,59.9375
NewMedia17,USER_48,Mechanical Reasoning,Graphical,b,b,23.19678
NewMedia24,USER_48,Verbal Reasoning,Textual,b,b,99.63866999999999
NewMedia5,USER_48,Deductive Reasoning,Textual,b,a,61.81981999999999
NewMedia4,USER_48,Deductive Reasoning,Textual,a,a,19.82764
NewMedia10,USER_48,Inductive Reasoning,Graphical,d,a,53.272459999999995
NewMedia4,USER_49,Deductive Reasoning,Textual,a,a,84.33249
NewMedia23,USER_49,Verbal Reasoning,Textual,d,c,102.7261
NewMedia6,USER_49,Deductive Reasoning,Textual,a,a,138.94433999999998
NewMedia17,USER_49,Mechanical Reasoning,Graphical,b,b,25.94269
NewMedia9,USER_49,Diagrammatic Reasoning,Graphical,b,b,73.32025
NewMedia1,USER_49,Critical Thinking,Textual,b,b,61.12933
NewMedia2,USER_49,Critical Thinking,Textual,a,a,67.01703
NewMedia8,USER_49,Diagrammatic Reasoning,Graphical,c,c,110.0874
NewMedia20,USER_49,Spatial Reasoning,Graphical,c,c,33.25073
NewMedia16,USER_49,Mechanical Reasoning,Graphical,b,b,21.15314
NewMedia18,USER_49,Mechanical Reasoning,Graphical,a,a,110.4494
NewMedia21,USER_49,Spatial Reasoning,Graphical,b,a,19.36499
NewMedia3,USER_49,Critical Thinking,Textual,a,a,125.13928
NewMedia7,USER_49,Diagrammatic Reasoning,Graphical,b,b,21.52832
NewMedia14,USER_49,Logical Reasoning,Graphical,a,b,111.95007
NewMedia5,USER_49,Deductive Reasoning,Textual,b,b,32.72827
NewMedia15,USER_49,Logical Reasoning,Graphical,c,c,46.25867
NewMedia12,USER_49,Inductive Reasoning,Graphical,d,d,16.35718
NewMedia24,USER_49,Verbal Reasoning,Textual,b,b,61.625240000000005
NewMedia11,USER_49,Inductive Reasoning,Graphical,b,b,50.90088
NewMedia19,USER_49,Spatial Reasoning,Graphical,b,c,33.699709999999996
NewMedia10,USER_49,Inductive Reasoning,Graphical,d,b,17.83069
NewMedia13,USER_49,Logical Reasoning,Graphical,d,d,29.151120000000002
NewMedia22,USER_49,Verbal Reasoning,Textual,d,d,64.71276999999999
NewMedia5,USER_51,Deductive Reasoning,Textual,b,b,75.76538000000001
NewMedia19,USER_51,Spatial Reasoning,Graphical,b,b,27.945559999999997
NewMedia3,USER_51,Critical Thinking,Textual,a,a,35.88965
NewMedia24,USER_51,Verbal Reasoning,Textual,b,b,71.69214000000001
NewMedia7,USER_51,Diagrammatic Reasoning,Graphical,b,d,45.64258
NewMedia20,USER_51,Spatial Reasoning,Graphical,c,c,34.28223
NewMedia12,USER_51,Inductive Reasoning,Graphical,d,d,45.14014
NewMedia16,USER_51,Mechanical Reasoning,Graphical,b,b,18.01855
NewMedia13,USER_51,Logical Reasoning,Graphical,d,d,55.30811
NewMedia1,USER_51,Critical Thinking,Textual,b,b,48.63062
NewMedia17,USER_51,Mechanical Reasoning,Graphical,b,b,10.99854
NewMedia23,USER_51,Verbal Reasoning,Textual,d,d,49.32666
NewMedia15,USER_51,Logical Reasoning,Graphical,c,c,41.67725
NewMedia11,USER_51,Inductive Reasoning,Graphical,b,b,57.11035
NewMedia22,USER_51,Verbal Reasoning,Textual,d,d,125.17871000000001
NewMedia21,USER_51,Spatial Reasoning,Graphical,b,b,25.83569
NewMedia2,USER_51,Critical Thinking,Textual,a,a,49.56812
NewMedia6,USER_51,Deductive Reasoning,Textual,a,a,99.20923
NewMedia8,USER_51,Diagrammatic Reasoning,Graphical,c,c,143.27123999999998
NewMedia18,USER_51,Mechanical Reasoning,Graphical,a,a,52.10669
NewMedia9,USER_51,Diagrammatic Reasoning,Graphical,b,b,120.83153999999999
NewMedia4,USER_51,Deductive Reasoning,Textual,a,a,35.17944
NewMedia14,USER_51,Logical Reasoning,Graphical,a,a,48.85767
NewMedia10,USER_51,Inductive Reasoning,Graphical,d,a,206.72461
