MEDIA_NAME,USER_ID,SPECIFIC_CATEGORY,MACRO_CATEGORY,CORRECT_ANSWER,USER_ANSWER,ANSWER_TIME,LABEL
NewMedia1,USER_1,Critical Thinking,Textual,b,a,58.58481,COGNITIVE_EFFORT
NewMedia11,USER_1,Inductive Reasoning,Graphical,b,b,37.3974,NOT_COGNITIVE_EFFORT
NewMedia12,USER_1,Inductive Reasoning,Graphical,d,d,39.72852,COGNITIVE_EFFORT
NewMedia10,USER_1,Inductive Reasoning,Graphical,d,a,56.80237,COGNITIVE_EFFORT
NewMedia7,USER_1,Diagrammatic Reasoning,Graphical,b,b,76.25513000000002,COGNITIVE_EFFORT
NewMedia2,USER_1,Critical Thinking,Textual,a,b,50.55969,COGNITIVE_EFFORT
NewMedia15,USER_1,Logical Reasoning,Graphical,c,c,29.50592,NOT_COGNITIVE_EFFORT
NewMedia23,USER_1,Verbal Reasoning,Textual,d,d,87.61511,NOT_COGNITIVE_EFFORT
NewMedia5,USER_1,Deductive Reasoning,Textual,b,c,100.5238,COGNITIVE_EFFORT
NewMedia18,USER_1,Mechanical Reasoning,Graphical,a,b,37.87256,COGNITIVE_EFFORT
NewMedia22,USER_1,Verbal Reasoning,Textual,d,a,120.16248,COGNITIVE_EFFORT
NewMedia17,USER_1,Mechanical Reasoning,Graphical,b,b,19.82727,NOT_COGNITIVE_EFFORT
NewMedia14,USER_1,Logical Reasoning,Graphical,a,a,41.45667,NOT_COGNITIVE_EFFORT
NewMedia8,USER_1,Diagrammatic Reasoning,Graphical,c,b,68.50464000000001,COGNITIVE_EFFORT
NewMedia6,USER_1,Deductive Reasoning,Textual,a,a,90.68311,NOT_COGNITIVE_EFFORT
NewMedia24,USER_1,Verbal Reasoning,Textual,b,b,74.63428,NOT_COGNITIVE_EFFORT
NewMedia16,USER_1,Mechanical Reasoning,Graphical,b,b,7.24011,NOT_COGNITIVE_EFFORT
NewMedia9,USER_1,Diagrammatic Reasoning,Graphical,b,b,73.64233,NOT_COGNITIVE_EFFORT
NewMedia13,USER_1,Logical Reasoning,Graphical,d,a,81.28528,COGNITIVE_EFFORT
NewMedia21,USER_1,Spatial Reasoning,Graphical,b,b,44.0686,NOT_COGNITIVE_EFFORT
NewMedia19,USER_1,Spatial Reasoning,Graphical,b,d,60.01807,COGNITIVE_EFFORT
NewMedia4,USER_1,Deductive Reasoning,Textual,a,a,71.80041999999997,COGNITIVE_EFFORT
NewMedia20,USER_1,Spatial Reasoning,Graphical,c,c,40.02332,NOT_COGNITIVE_EFFORT
NewMedia3,USER_1,Critical Thinking,Textual,a,a,45.30103,NOT_COGNITIVE_EFFORT
NewMedia12,USER_2,Inductive Reasoning,Graphical,d,d,11.05951,
NewMedia20,USER_2,Spatial Reasoning,Graphical,c,d,24.75739,COGNITIVE_EFFORT
NewMedia15,USER_2,Logical Reasoning,Graphical,c,c,16.41144,
NewMedia1,USER_2,Critical Thinking,Textual,b,a,46.71515,COGNITIVE_EFFORT
NewMedia4,USER_2,Deductive Reasoning,Textual,a,a,60.23199,NOT_COGNITIVE_EFFORT
NewMedia17,USER_2,Mechanical Reasoning,Graphical,b,b,18.20599,NOT_COGNITIVE_EFFORT
NewMedia24,USER_2,Verbal Reasoning,Textual,b,b,94.72266,COGNITIVE_EFFORT
NewMedia14,USER_2,Logical Reasoning,Graphical,a,d,54.47827,COGNITIVE_EFFORT
NewMedia21,USER_2,Spatial Reasoning,Graphical,b,d,33.519040000000004,COGNITIVE_EFFORT
NewMedia11,USER_2,Inductive Reasoning,Graphical,b,b,42.09277,NOT_COGNITIVE_EFFORT
NewMedia5,USER_2,Deductive Reasoning,Textual,b,c,21.20044,COGNITIVE_EFFORT
NewMedia3,USER_2,Critical Thinking,Textual,a,b,32.52747,COGNITIVE_EFFORT
NewMedia6,USER_2,Deductive Reasoning,Textual,a,a,51.59839,NOT_COGNITIVE_EFFORT
NewMedia7,USER_2,Diagrammatic Reasoning,Graphical,b,b,51.47668,NOT_COGNITIVE_EFFORT
NewMedia2,USER_2,Critical Thinking,Textual,a,a,21.68298,NOT_COGNITIVE_EFFORT
NewMedia9,USER_2,Diagrammatic Reasoning,Graphical,b,b,31.1344,NOT_COGNITIVE_EFFORT
NewMedia10,USER_2,Inductive Reasoning,Graphical,d,a,17.28857,COGNITIVE_EFFORT
NewMedia22,USER_2,Verbal Reasoning,Textual,d,d,40.34473,
NewMedia13,USER_2,Logical Reasoning,Graphical,d,d,17.56995,
NewMedia18,USER_2,Mechanical Reasoning,Graphical,a,a,38.06763,NOT_COGNITIVE_EFFORT
NewMedia16,USER_2,Mechanical Reasoning,Graphical,b,b,10.0874,NOT_COGNITIVE_EFFORT
NewMedia23,USER_2,Verbal Reasoning,Textual,d,c,86.79199,COGNITIVE_EFFORT
NewMedia8,USER_2,Diagrammatic Reasoning,Graphical,c,c,58.64465,NOT_COGNITIVE_EFFORT
NewMedia19,USER_2,Spatial Reasoning,Graphical,b,b,41.58423,NOT_COGNITIVE_EFFORT
NewMedia10,USER_3,Inductive Reasoning,Graphical,d,a,15.17871,COGNITIVE_EFFORT
NewMedia16,USER_3,Mechanical Reasoning,Graphical,b,b,14.770079999999998,NOT_COGNITIVE_EFFORT
NewMedia23,USER_3,Verbal Reasoning,Textual,d,d,99.20416,NOT_COGNITIVE_EFFORT
NewMedia6,USER_3,Deductive Reasoning,Textual,a,a,51.61786,NOT_COGNITIVE_EFFORT
NewMedia3,USER_3,Critical Thinking,Textual,a,b,54.10339000000001,COGNITIVE_EFFORT
NewMedia7,USER_3,Diagrammatic Reasoning,Graphical,b,b,57.49286,NOT_COGNITIVE_EFFORT
NewMedia1,USER_3,Critical Thinking,Textual,b,a,56.30042,COGNITIVE_EFFORT
NewMedia12,USER_3,Inductive Reasoning,Graphical,d,d,20.37018,NOT_COGNITIVE_EFFORT
NewMedia9,USER_3,Diagrammatic Reasoning,Graphical,b,b,37.09595,NOT_COGNITIVE_EFFORT
NewMedia24,USER_3,Verbal Reasoning,Textual,b,b,89.87988,COGNITIVE_EFFORT
NewMedia22,USER_3,Verbal Reasoning,Textual,d,d,103.06897,COGNITIVE_EFFORT
NewMedia21,USER_3,Spatial Reasoning,Graphical,b,b,22.09131,NOT_COGNITIVE_EFFORT
NewMedia15,USER_3,Logical Reasoning,Graphical,c,d,36.76746,COGNITIVE_EFFORT
NewMedia2,USER_3,Critical Thinking,Textual,a,a,46.00525,COGNITIVE_EFFORT
NewMedia17,USER_3,Mechanical Reasoning,Graphical,b,a,30.72583,COGNITIVE_EFFORT
NewMedia14,USER_3,Logical Reasoning,Graphical,a,a,39.83545,NOT_COGNITIVE_EFFORT
NewMedia20,USER_3,Spatial Reasoning,Graphical,c,c,43.80127,NOT_COGNITIVE_EFFORT
NewMedia8,USER_3,Diagrammatic Reasoning,Graphical,c,b,34.41675,COGNITIVE_EFFORT
NewMedia5,USER_3,Deductive Reasoning,Textual,b,a,75.23682,COGNITIVE_EFFORT
NewMedia19,USER_3,Spatial Reasoning,Graphical,b,b,48.09473,NOT_COGNITIVE_EFFORT
NewMedia18,USER_3,Mechanical Reasoning,Graphical,a,a,73.54883000000002,COGNITIVE_EFFORT
NewMedia13,USER_3,Logical Reasoning,Graphical,d,d,31.2749,NOT_COGNITIVE_EFFORT
NewMedia4,USER_3,Deductive Reasoning,Textual,a,a,98.28601,COGNITIVE_EFFORT
NewMedia11,USER_3,Inductive Reasoning,Graphical,b,b,22.16504,NOT_COGNITIVE_EFFORT
NewMedia19,USER_4,Spatial Reasoning,Graphical,b,b,40.27075,NOT_COGNITIVE_EFFORT
NewMedia10,USER_4,Inductive Reasoning,Graphical,d,c,48.26245,COGNITIVE_EFFORT
NewMedia15,USER_4,Logical Reasoning,Graphical,c,a,54.284180000000006,COGNITIVE_EFFORT
NewMedia21,USER_4,Spatial Reasoning,Graphical,b,b,17.97168,NOT_COGNITIVE_EFFORT
NewMedia9,USER_4,Diagrammatic Reasoning,Graphical,b,b,158.43701,COGNITIVE_EFFORT
NewMedia16,USER_4,Mechanical Reasoning,Graphical,b,b,25.25342,COGNITIVE_EFFORT
NewMedia20,USER_4,Spatial Reasoning,Graphical,c,a,36.19824000000001,COGNITIVE_EFFORT
NewMedia4,USER_4,Deductive Reasoning,Textual,a,a,43.0376,NOT_COGNITIVE_EFFORT
NewMedia24,USER_4,Verbal Reasoning,Textual,b,b,68.25586,NOT_COGNITIVE_EFFORT
NewMedia1,USER_4,Critical Thinking,Textual,b,a,31.38916,COGNITIVE_EFFORT
NewMedia18,USER_4,Mechanical Reasoning,Graphical,a,b,16.26367,COGNITIVE_EFFORT
NewMedia3,USER_4,Critical Thinking,Textual,a,a,32.2124,NOT_COGNITIVE_EFFORT
NewMedia13,USER_4,Logical Reasoning,Graphical,d,d,29.74072,NOT_COGNITIVE_EFFORT
NewMedia14,USER_4,Logical Reasoning,Graphical,a,a,75.14941,COGNITIVE_EFFORT
NewMedia22,USER_4,Verbal Reasoning,Textual,d,d,107.10742,COGNITIVE_EFFORT
NewMedia12,USER_4,Inductive Reasoning,Graphical,d,d,13.898929999999998,NOT_COGNITIVE_EFFORT
NewMedia11,USER_4,Inductive Reasoning,Graphical,b,b,85.61914,COGNITIVE_EFFORT
NewMedia17,USER_4,Mechanical Reasoning,Graphical,b,b,20.0083,NOT_COGNITIVE_EFFORT
NewMedia6,USER_4,Deductive Reasoning,Textual,a,b,117.71143,COGNITIVE_EFFORT
NewMedia8,USER_4,Diagrammatic Reasoning,Graphical,c,a,172.31689,COGNITIVE_EFFORT
NewMedia5,USER_4,Deductive Reasoning,Textual,b,c,33.29736,COGNITIVE_EFFORT
NewMedia23,USER_4,Verbal Reasoning,Textual,d,d,56.14648,NOT_COGNITIVE_EFFORT
NewMedia2,USER_4,Critical Thinking,Textual,a,b,20.65723,COGNITIVE_EFFORT
NewMedia7,USER_4,Diagrammatic Reasoning,Graphical,b,b,78.15039,COGNITIVE_EFFORT
NewMedia20,USER_5,Spatial Reasoning,Graphical,c,a,80.41475,COGNITIVE_EFFORT
NewMedia16,USER_5,Mechanical Reasoning,Graphical,b,b,24.53624,COGNITIVE_EFFORT
NewMedia18,USER_5,Mechanical Reasoning,Graphical,a,b,59.31483000000001,COGNITIVE_EFFORT
NewMedia11,USER_5,Inductive Reasoning,Graphical,b,b,25.0387,NOT_COGNITIVE_EFFORT
NewMedia9,USER_5,Diagrammatic Reasoning,Graphical,b,b,80.5419,COGNITIVE_EFFORT
NewMedia14,USER_5,Logical Reasoning,Graphical,a,d,75.2836,COGNITIVE_EFFORT
NewMedia4,USER_5,Deductive Reasoning,Textual,a,a,54.97375,NOT_COGNITIVE_EFFORT
NewMedia12,USER_5,Inductive Reasoning,Graphical,d,d,31.55621,COGNITIVE_EFFORT
NewMedia2,USER_5,Critical Thinking,Textual,a,b,65.08203,COGNITIVE_EFFORT
NewMedia22,USER_5,Verbal Reasoning,Textual,d,d,71.11046999999998,NOT_COGNITIVE_EFFORT
NewMedia19,USER_5,Spatial Reasoning,Graphical,b,b,30.082890000000006,NOT_COGNITIVE_EFFORT
NewMedia3,USER_5,Critical Thinking,Textual,a,a,32.08545,NOT_COGNITIVE_EFFORT
NewMedia13,USER_5,Logical Reasoning,Graphical,d,d,167.67493000000005,COGNITIVE_EFFORT
NewMedia10,USER_5,Inductive Reasoning,Graphical,d,a,86.87189000000002,COGNITIVE_EFFORT
NewMedia17,USER_5,Mechanical Reasoning,Graphical,b,b,30.05591,COGNITIVE_EFFORT
NewMedia24,USER_5,Verbal Reasoning,Textual,b,b,135.25488,COGNITIVE_EFFORT
NewMedia1,USER_5,Critical Thinking,Textual,b,a,40.41174,COGNITIVE_EFFORT
NewMedia6,USER_5,Deductive Reasoning,Textual,a,a,91.63403,COGNITIVE_EFFORT
NewMedia8,USER_5,Diagrammatic Reasoning,Graphical,c,b,59.5957,COGNITIVE_EFFORT
NewMedia23,USER_5,Verbal Reasoning,Textual,d,d,87.20605,NOT_COGNITIVE_EFFORT
NewMedia21,USER_5,Spatial Reasoning,Graphical,b,b,84.25256,COGNITIVE_EFFORT
NewMedia15,USER_5,Logical Reasoning,Graphical,c,c,29.86877,NOT_COGNITIVE_EFFORT
NewMedia5,USER_5,Deductive Reasoning,Textual,b,b,41.979,NOT_COGNITIVE_EFFORT
NewMedia7,USER_5,Diagrammatic Reasoning,Graphical,b,b,33.32458,NOT_COGNITIVE_EFFORT
NewMedia10,USER_6,Inductive Reasoning,Graphical,d,a,12.31836,COGNITIVE_EFFORT
NewMedia12,USER_6,Inductive Reasoning,Graphical,d,d,15.171879999999998,NOT_COGNITIVE_EFFORT
NewMedia16,USER_6,Mechanical Reasoning,Graphical,b,b,15.117679999999998,NOT_COGNITIVE_EFFORT
NewMedia18,USER_6,Mechanical Reasoning,Graphical,a,b,19.03003,COGNITIVE_EFFORT
NewMedia14,USER_6,Logical Reasoning,Graphical,a,a,32.96289,NOT_COGNITIVE_EFFORT
NewMedia7,USER_6,Diagrammatic Reasoning,Graphical,b,d,75.95313,COGNITIVE_EFFORT
NewMedia11,USER_6,Inductive Reasoning,Graphical,b,b,20.75146,NOT_COGNITIVE_EFFORT
NewMedia13,USER_6,Logical Reasoning,Graphical,d,d,31.381590000000006,NOT_COGNITIVE_EFFORT
NewMedia24,USER_6,Verbal Reasoning,Textual,b,b,78.61255,NOT_COGNITIVE_EFFORT
NewMedia19,USER_6,Spatial Reasoning,Graphical,b,a,55.34911999999999,COGNITIVE_EFFORT
NewMedia17,USER_6,Mechanical Reasoning,Graphical,b,a,10.04126,COGNITIVE_EFFORT
NewMedia21,USER_6,Spatial Reasoning,Graphical,b,b,43.74097,NOT_COGNITIVE_EFFORT
NewMedia1,USER_6,Critical Thinking,Textual,b,a,66.26758000000001,COGNITIVE_EFFORT
NewMedia4,USER_6,Deductive Reasoning,Textual,a,b,69.03418,COGNITIVE_EFFORT
NewMedia8,USER_6,Diagrammatic Reasoning,Graphical,c,b,35.71558,COGNITIVE_EFFORT
NewMedia5,USER_6,Deductive Reasoning,Textual,b,b,50.08423,NOT_COGNITIVE_EFFORT
NewMedia6,USER_6,Deductive Reasoning,Textual,a,b,71.83471999999998,COGNITIVE_EFFORT
NewMedia20,USER_6,Spatial Reasoning,Graphical,c,a,51.73877,COGNITIVE_EFFORT
NewMedia9,USER_6,Diagrammatic Reasoning,Graphical,b,b,31.00732,NOT_COGNITIVE_EFFORT
NewMedia22,USER_6,Verbal Reasoning,Textual,d,a,75.46387,COGNITIVE_EFFORT
NewMedia15,USER_6,Logical Reasoning,Graphical,c,c,29.480220000000006,NOT_COGNITIVE_EFFORT
NewMedia2,USER_6,Critical Thinking,Textual,a,b,36.51929000000001,COGNITIVE_EFFORT
NewMedia3,USER_6,Critical Thinking,Textual,a,a,30.21704,NOT_COGNITIVE_EFFORT
NewMedia23,USER_6,Verbal Reasoning,Textual,d,d,90.18066,NOT_COGNITIVE_EFFORT
NewMedia9,USER_7,Diagrammatic Reasoning,Graphical,b,b,65.10889,NOT_COGNITIVE_EFFORT
NewMedia14,USER_7,Logical Reasoning,Graphical,a,d,37.3374,COGNITIVE_EFFORT
NewMedia6,USER_7,Deductive Reasoning,Textual,a,a,85.13788000000002,NOT_COGNITIVE_EFFORT
NewMedia18,USER_7,Mechanical Reasoning,Graphical,a,a,30.83246,NOT_COGNITIVE_EFFORT
NewMedia13,USER_7,Logical Reasoning,Graphical,d,d,33.92755,NOT_COGNITIVE_EFFORT
NewMedia15,USER_7,Logical Reasoning,Graphical,c,c,24.77063,NOT_COGNITIVE_EFFORT
NewMedia10,USER_7,Inductive Reasoning,Graphical,d,a,18.89624,COGNITIVE_EFFORT
NewMedia22,USER_7,Verbal Reasoning,Textual,d,d,66.92419,NOT_COGNITIVE_EFFORT
NewMedia21,USER_7,Spatial Reasoning,Graphical,b,b,28.12683,NOT_COGNITIVE_EFFORT
NewMedia23,USER_7,Verbal Reasoning,Textual,d,c,135.1283,COGNITIVE_EFFORT
NewMedia7,USER_7,Diagrammatic Reasoning,Graphical,b,b,28.52173,NOT_COGNITIVE_EFFORT
NewMedia1,USER_7,Critical Thinking,Textual,b,a,38.83765,COGNITIVE_EFFORT
NewMedia11,USER_7,Inductive Reasoning,Graphical,b,b,22.39954,NOT_COGNITIVE_EFFORT
NewMedia24,USER_7,Verbal Reasoning,Textual,b,b,66.81676999999999,NOT_COGNITIVE_EFFORT
NewMedia5,USER_7,Deductive Reasoning,Textual,b,b,50.19092,NOT_COGNITIVE_EFFORT
NewMedia3,USER_7,Critical Thinking,Textual,a,b,39.29309,COGNITIVE_EFFORT
NewMedia16,USER_7,Mechanical Reasoning,Graphical,b,b,16.12976,NOT_COGNITIVE_EFFORT
NewMedia8,USER_7,Diagrammatic Reasoning,Graphical,c,c,24.35547,
NewMedia19,USER_7,Spatial Reasoning,Graphical,b,b,54.58618000000001,NOT_COGNITIVE_EFFORT
NewMedia20,USER_7,Spatial Reasoning,Graphical,c,b,26.10339,COGNITIVE_EFFORT
NewMedia17,USER_7,Mechanical Reasoning,Graphical,b,b,14.20801,NOT_COGNITIVE_EFFORT
NewMedia2,USER_7,Critical Thinking,Textual,a,b,25.54724,COGNITIVE_EFFORT
NewMedia12,USER_7,Inductive Reasoning,Graphical,d,d,22.90186,NOT_COGNITIVE_EFFORT
NewMedia4,USER_7,Deductive Reasoning,Textual,a,a,34.97241,NOT_COGNITIVE_EFFORT
NewMedia4,USER_8,Deductive Reasoning,Textual,a,a,61.02271,NOT_COGNITIVE_EFFORT
NewMedia14,USER_8,Logical Reasoning,Graphical,a,a,65.87841999999999,COGNITIVE_EFFORT
NewMedia9,USER_8,Diagrammatic Reasoning,Graphical,b,b,123.86035,COGNITIVE_EFFORT
NewMedia17,USER_8,Mechanical Reasoning,Graphical,b,a,41.04565,COGNITIVE_EFFORT
NewMedia22,USER_8,Verbal Reasoning,Textual,d,d,105.56079,COGNITIVE_EFFORT
NewMedia2,USER_8,Critical Thinking,Textual,a,a,44.25659,NOT_COGNITIVE_EFFORT
NewMedia20,USER_8,Spatial Reasoning,Graphical,c,c,149.62305,COGNITIVE_EFFORT
NewMedia7,USER_8,Diagrammatic Reasoning,Graphical,b,b,50.62671,NOT_COGNITIVE_EFFORT
NewMedia10,USER_8,Inductive Reasoning,Graphical,d,a,50.65332,COGNITIVE_EFFORT
NewMedia11,USER_8,Inductive Reasoning,Graphical,b,b,22.0647,NOT_COGNITIVE_EFFORT
NewMedia21,USER_8,Spatial Reasoning,Graphical,b,b,59.88403,COGNITIVE_EFFORT
NewMedia15,USER_8,Logical Reasoning,Graphical,c,c,50.43945,COGNITIVE_EFFORT
NewMedia16,USER_8,Mechanical Reasoning,Graphical,b,b,18.02539,NOT_COGNITIVE_EFFORT
NewMedia5,USER_8,Deductive Reasoning,Textual,b,a,37.2832,COGNITIVE_EFFORT
NewMedia13,USER_8,Logical Reasoning,Graphical,d,d,41.00146,NOT_COGNITIVE_EFFORT
NewMedia12,USER_8,Inductive Reasoning,Graphical,d,d,19.68628,NOT_COGNITIVE_EFFORT
NewMedia19,USER_8,Spatial Reasoning,Graphical,b,b,81.72729,COGNITIVE_EFFORT
NewMedia8,USER_8,Diagrammatic Reasoning,Graphical,c,c,104.77661,COGNITIVE_EFFORT
NewMedia18,USER_8,Mechanical Reasoning,Graphical,a,c,56.74878,COGNITIVE_EFFORT
NewMedia3,USER_8,Critical Thinking,Textual,a,b,58.03564,COGNITIVE_EFFORT
NewMedia23,USER_8,Verbal Reasoning,Textual,d,d,152.8374,COGNITIVE_EFFORT
NewMedia1,USER_8,Critical Thinking,Textual,b,a,36.65381,COGNITIVE_EFFORT
NewMedia6,USER_8,Deductive Reasoning,Textual,a,a,77.06543,NOT_COGNITIVE_EFFORT
NewMedia24,USER_8,Verbal Reasoning,Textual,b,b,72.41699,NOT_COGNITIVE_EFFORT
NewMedia11,USER_9,Inductive Reasoning,Graphical,b,c,19.10432,COGNITIVE_EFFORT
NewMedia16,USER_9,Mechanical Reasoning,Graphical,b,b,19.80719,NOT_COGNITIVE_EFFORT
NewMedia18,USER_9,Mechanical Reasoning,Graphical,a,c,12.61311,COGNITIVE_EFFORT
NewMedia6,USER_9,Deductive Reasoning,Textual,a,a,57.21173,NOT_COGNITIVE_EFFORT
NewMedia3,USER_9,Critical Thinking,Textual,a,b,24.75708,COGNITIVE_EFFORT
NewMedia19,USER_9,Spatial Reasoning,Graphical,b,d,30.53806,COGNITIVE_EFFORT
NewMedia5,USER_9,Deductive Reasoning,Textual,b,c,29.22531,COGNITIVE_EFFORT
NewMedia12,USER_9,Inductive Reasoning,Graphical,d,c,15.486720000000002,COGNITIVE_EFFORT
NewMedia20,USER_9,Spatial Reasoning,Graphical,c,d,118.12003,COGNITIVE_EFFORT
NewMedia7,USER_9,Diagrammatic Reasoning,Graphical,b,b,32.099000000000004,NOT_COGNITIVE_EFFORT
NewMedia14,USER_9,Logical Reasoning,Graphical,a,b,35.44806,COGNITIVE_EFFORT
NewMedia9,USER_9,Diagrammatic Reasoning,Graphical,b,c,44.13586,COGNITIVE_EFFORT
NewMedia22,USER_9,Verbal Reasoning,Textual,d,d,88.1983,NOT_COGNITIVE_EFFORT
NewMedia21,USER_9,Spatial Reasoning,Graphical,b,b,48.604,NOT_COGNITIVE_EFFORT
NewMedia10,USER_9,Inductive Reasoning,Graphical,d,a,22.20532,COGNITIVE_EFFORT
NewMedia4,USER_9,Deductive Reasoning,Textual,a,a,70.01825,COGNITIVE_EFFORT
NewMedia13,USER_9,Logical Reasoning,Graphical,d,d,42.09277,NOT_COGNITIVE_EFFORT
NewMedia23,USER_9,Verbal Reasoning,Textual,d,d,162.23645,COGNITIVE_EFFORT
NewMedia1,USER_9,Critical Thinking,Textual,b,b,64.32458000000001,COGNITIVE_EFFORT
NewMedia24,USER_9,Verbal Reasoning,Textual,b,a,72.68457,COGNITIVE_EFFORT
NewMedia15,USER_9,Logical Reasoning,Graphical,c,d,30.80627,COGNITIVE_EFFORT
NewMedia2,USER_9,Critical Thinking,Textual,a,b,29.41797,COGNITIVE_EFFORT
NewMedia8,USER_9,Diagrammatic Reasoning,Graphical,c,a,29.161990000000007,COGNITIVE_EFFORT
NewMedia17,USER_9,Mechanical Reasoning,Graphical,b,b,24.19043,NOT_COGNITIVE_EFFORT
NewMedia17,USER_10,Mechanical Reasoning,Graphical,b,a,50.7074,COGNITIVE_EFFORT
NewMedia23,USER_10,Verbal Reasoning,Textual,d,c,157.71411,COGNITIVE_EFFORT
NewMedia7,USER_10,Diagrammatic Reasoning,Graphical,b,d,79.1217,COGNITIVE_EFFORT
NewMedia4,USER_10,Deductive Reasoning,Textual,a,a,62.79126,NOT_COGNITIVE_EFFORT
NewMedia10,USER_10,Inductive Reasoning,Graphical,d,a,42.05249,COGNITIVE_EFFORT
NewMedia14,USER_10,Logical Reasoning,Graphical,a,a,68.87305,COGNITIVE_EFFORT
NewMedia3,USER_10,Critical Thinking,Textual,a,a,86.03466999999998,COGNITIVE_EFFORT
NewMedia1,USER_10,Critical Thinking,Textual,b,b,55.64307,COGNITIVE_EFFORT
NewMedia19,USER_10,Spatial Reasoning,Graphical,b,c,89.6853,COGNITIVE_EFFORT
NewMedia24,USER_10,Verbal Reasoning,Textual,b,b,57.02563000000001,NOT_COGNITIVE_EFFORT
NewMedia11,USER_10,Inductive Reasoning,Graphical,b,c,69.73096,COGNITIVE_EFFORT
NewMedia9,USER_10,Diagrammatic Reasoning,Graphical,b,b,161.61303999999996,COGNITIVE_EFFORT
NewMedia5,USER_10,Deductive Reasoning,Textual,b,a,86.23535,COGNITIVE_EFFORT
NewMedia20,USER_10,Spatial Reasoning,Graphical,c,d,35.52832,COGNITIVE_EFFORT
NewMedia6,USER_10,Deductive Reasoning,Textual,a,b,79.21509,COGNITIVE_EFFORT
NewMedia2,USER_10,Critical Thinking,Textual,a,a,41.00757,NOT_COGNITIVE_EFFORT
NewMedia18,USER_10,Mechanical Reasoning,Graphical,a,c,68.06152,COGNITIVE_EFFORT
NewMedia15,USER_10,Logical Reasoning,Graphical,c,b,43.92114,COGNITIVE_EFFORT
NewMedia12,USER_10,Inductive Reasoning,Graphical,d,d,23.47852,NOT_COGNITIVE_EFFORT
NewMedia21,USER_10,Spatial Reasoning,Graphical,b,b,33.78003,NOT_COGNITIVE_EFFORT
NewMedia8,USER_10,Diagrammatic Reasoning,Graphical,c,c,78.19702,NOT_COGNITIVE_EFFORT
NewMedia13,USER_10,Logical Reasoning,Graphical,d,c,43.59277,COGNITIVE_EFFORT
NewMedia22,USER_10,Verbal Reasoning,Textual,d,a,78.06348,COGNITIVE_EFFORT
NewMedia16,USER_10,Mechanical Reasoning,Graphical,b,b,24.08105,COGNITIVE_EFFORT
NewMedia16,USER_11,Mechanical Reasoning,Graphical,b,b,30.12201,COGNITIVE_EFFORT
NewMedia17,USER_11,Mechanical Reasoning,Graphical,b,b,30.18341,COGNITIVE_EFFORT
NewMedia11,USER_11,Inductive Reasoning,Graphical,b,d,185.43909,COGNITIVE_EFFORT
NewMedia13,USER_11,Logical Reasoning,Graphical,d,d,44.7522,NOT_COGNITIVE_EFFORT
NewMedia21,USER_11,Spatial Reasoning,Graphical,b,d,53.94214,COGNITIVE_EFFORT
NewMedia23,USER_11,Verbal Reasoning,Textual,d,d,154.34509,COGNITIVE_EFFORT
NewMedia8,USER_11,Diagrammatic Reasoning,Graphical,c,c,162.53723,COGNITIVE_EFFORT
NewMedia9,USER_11,Diagrammatic Reasoning,Graphical,b,a,53.12555,COGNITIVE_EFFORT
NewMedia6,USER_11,Deductive Reasoning,Textual,a,a,93.62329,COGNITIVE_EFFORT
NewMedia22,USER_11,Verbal Reasoning,Textual,d,c,69.20178,COGNITIVE_EFFORT
NewMedia10,USER_11,Inductive Reasoning,Graphical,d,b,23.95386,COGNITIVE_EFFORT
NewMedia7,USER_11,Diagrammatic Reasoning,Graphical,b,d,21.56897,COGNITIVE_EFFORT
NewMedia12,USER_11,Inductive Reasoning,Graphical,d,d,19.612920000000006,NOT_COGNITIVE_EFFORT
NewMedia24,USER_11,Verbal Reasoning,Textual,b,b,88.2583,COGNITIVE_EFFORT
NewMedia14,USER_11,Logical Reasoning,Graphical,a,a,60.0719,NOT_COGNITIVE_EFFORT
NewMedia20,USER_11,Spatial Reasoning,Graphical,c,c,46.89514000000001,NOT_COGNITIVE_EFFORT
NewMedia3,USER_11,Critical Thinking,Textual,a,b,37.05591,COGNITIVE_EFFORT
NewMedia4,USER_11,Deductive Reasoning,Textual,a,a,48.51636,NOT_COGNITIVE_EFFORT
NewMedia1,USER_11,Critical Thinking,Textual,b,b,69.95837,COGNITIVE_EFFORT
NewMedia2,USER_11,Critical Thinking,Textual,a,a,38.89111,NOT_COGNITIVE_EFFORT
NewMedia15,USER_11,Logical Reasoning,Graphical,c,a,40.4314,COGNITIVE_EFFORT
NewMedia18,USER_11,Mechanical Reasoning,Graphical,a,a,43.48657,NOT_COGNITIVE_EFFORT
NewMedia5,USER_11,Deductive Reasoning,Textual,b,b,56.05896,NOT_COGNITIVE_EFFORT
NewMedia19,USER_11,Spatial Reasoning,Graphical,b,b,29.16492,NOT_COGNITIVE_EFFORT
NewMedia22,USER_12,Verbal Reasoning,Textual,d,d,119.48682,COGNITIVE_EFFORT
NewMedia14,USER_12,Logical Reasoning,Graphical,a,a,46.3197,NOT_COGNITIVE_EFFORT
NewMedia5,USER_12,Deductive Reasoning,Textual,b,b,90.63635,COGNITIVE_EFFORT
NewMedia6,USER_12,Deductive Reasoning,Textual,a,a,74.37256,NOT_COGNITIVE_EFFORT
NewMedia7,USER_12,Diagrammatic Reasoning,Graphical,b,a,145.20862,COGNITIVE_EFFORT
NewMedia2,USER_12,Critical Thinking,Textual,a,a,31.67712,NOT_COGNITIVE_EFFORT
NewMedia21,USER_12,Spatial Reasoning,Graphical,b,b,21.55176,NOT_COGNITIVE_EFFORT
NewMedia24,USER_12,Verbal Reasoning,Textual,b,b,81.81226,NOT_COGNITIVE_EFFORT
NewMedia23,USER_12,Verbal Reasoning,Textual,d,c,77.94896999999997,COGNITIVE_EFFORT
NewMedia4,USER_12,Deductive Reasoning,Textual,a,a,58.15576,NOT_COGNITIVE_EFFORT
NewMedia20,USER_12,Spatial Reasoning,Graphical,c,c,33.38501,NOT_COGNITIVE_EFFORT
NewMedia1,USER_12,Critical Thinking,Textual,b,b,49.88354,NOT_COGNITIVE_EFFORT
NewMedia18,USER_12,Mechanical Reasoning,Graphical,a,c,21.11353,COGNITIVE_EFFORT
NewMedia10,USER_12,Inductive Reasoning,Graphical,d,a,43.15161,COGNITIVE_EFFORT
NewMedia17,USER_12,Mechanical Reasoning,Graphical,b,a,12.84106,COGNITIVE_EFFORT
NewMedia9,USER_12,Diagrammatic Reasoning,Graphical,b,b,38.48901,NOT_COGNITIVE_EFFORT
NewMedia15,USER_12,Logical Reasoning,Graphical,c,c,43.78711,COGNITIVE_EFFORT
NewMedia19,USER_12,Spatial Reasoning,Graphical,b,b,42.54175,NOT_COGNITIVE_EFFORT
NewMedia16,USER_12,Mechanical Reasoning,Graphical,b,b,13.932620000000002,NOT_COGNITIVE_EFFORT
NewMedia12,USER_12,Inductive Reasoning,Graphical,d,b,12.72021,COGNITIVE_EFFORT
NewMedia3,USER_12,Critical Thinking,Textual,a,a,27.44336,NOT_COGNITIVE_EFFORT
NewMedia11,USER_12,Inductive Reasoning,Graphical,b,b,46.79517,NOT_COGNITIVE_EFFORT
NewMedia8,USER_12,Diagrammatic Reasoning,Graphical,c,c,52.7771,NOT_COGNITIVE_EFFORT
NewMedia13,USER_12,Logical Reasoning,Graphical,d,b,13.89233,COGNITIVE_EFFORT
NewMedia15,USER_13,Logical Reasoning,Graphical,c,c,58.10931,COGNITIVE_EFFORT
NewMedia7,USER_13,Diagrammatic Reasoning,Graphical,b,b,78.53864,COGNITIVE_EFFORT
NewMedia21,USER_13,Spatial Reasoning,Graphical,b,b,54.08945,COGNITIVE_EFFORT
NewMedia4,USER_13,Deductive Reasoning,Textual,a,a,79.47684,COGNITIVE_EFFORT
NewMedia6,USER_13,Deductive Reasoning,Textual,a,b,127.23645,COGNITIVE_EFFORT
NewMedia5,USER_13,Deductive Reasoning,Textual,b,b,79.4035,COGNITIVE_EFFORT
NewMedia9,USER_13,Diagrammatic Reasoning,Graphical,b,b,128.89063000000002,COGNITIVE_EFFORT
NewMedia11,USER_13,Inductive Reasoning,Graphical,b,b,36.92188,NOT_COGNITIVE_EFFORT
NewMedia13,USER_13,Logical Reasoning,Graphical,d,d,105.92194,COGNITIVE_EFFORT
NewMedia10,USER_13,Inductive Reasoning,Graphical,d,a,50.91479,COGNITIVE_EFFORT
NewMedia22,USER_13,Verbal Reasoning,Textual,d,d,179.02893,COGNITIVE_EFFORT
NewMedia1,USER_13,Critical Thinking,Textual,b,a,34.89246,COGNITIVE_EFFORT
NewMedia23,USER_13,Verbal Reasoning,Textual,d,c,141.01526,COGNITIVE_EFFORT
NewMedia19,USER_13,Spatial Reasoning,Graphical,b,b,70.24597,COGNITIVE_EFFORT
NewMedia8,USER_13,Diagrammatic Reasoning,Graphical,c,b,82.95971999999998,COGNITIVE_EFFORT
NewMedia3,USER_13,Critical Thinking,Textual,a,b,45.4823,COGNITIVE_EFFORT
NewMedia17,USER_13,Mechanical Reasoning,Graphical,b,a,32.66162,COGNITIVE_EFFORT
NewMedia16,USER_13,Mechanical Reasoning,Graphical,b,b,21.80298,COGNITIVE_EFFORT
NewMedia24,USER_13,Verbal Reasoning,Textual,b,b,87.22681,COGNITIVE_EFFORT
NewMedia14,USER_13,Logical Reasoning,Graphical,a,d,36.73413,COGNITIVE_EFFORT
NewMedia2,USER_13,Critical Thinking,Textual,a,b,41.58398,COGNITIVE_EFFORT
NewMedia12,USER_13,Inductive Reasoning,Graphical,d,d,18.30017,NOT_COGNITIVE_EFFORT
NewMedia20,USER_13,Spatial Reasoning,Graphical,c,c,85.62598,COGNITIVE_EFFORT
NewMedia18,USER_13,Mechanical Reasoning,Graphical,a,a,71.03687,COGNITIVE_EFFORT
NewMedia22,USER_14,Verbal Reasoning,Textual,d,d,119.57388,COGNITIVE_EFFORT
NewMedia16,USER_14,Mechanical Reasoning,Graphical,b,b,34.84476,COGNITIVE_EFFORT
NewMedia10,USER_14,Inductive Reasoning,Graphical,d,b,80.30078,COGNITIVE_EFFORT
NewMedia13,USER_14,Logical Reasoning,Graphical,d,d,180.06723,COGNITIVE_EFFORT
NewMedia3,USER_14,Critical Thinking,Textual,a,b,86.48303,COGNITIVE_EFFORT
NewMedia23,USER_14,Verbal Reasoning,Textual,d,a,97.08685,COGNITIVE_EFFORT
NewMedia2,USER_14,Critical Thinking,Textual,a,a,50.55963,COGNITIVE_EFFORT
NewMedia15,USER_14,Logical Reasoning,Graphical,c,b,95.17816,COGNITIVE_EFFORT
NewMedia24,USER_14,Verbal Reasoning,Textual,b,d,145.85797,COGNITIVE_EFFORT
NewMedia4,USER_14,Deductive Reasoning,Textual,a,c,63.78223000000001,COGNITIVE_EFFORT
NewMedia19,USER_14,Spatial Reasoning,Graphical,b,c,240.68762,COGNITIVE_EFFORT
NewMedia5,USER_14,Deductive Reasoning,Textual,b,b,95.52625,COGNITIVE_EFFORT
NewMedia6,USER_14,Deductive Reasoning,Textual,a,c,144.64551,COGNITIVE_EFFORT
NewMedia18,USER_14,Mechanical Reasoning,Graphical,a,b,69.12085,COGNITIVE_EFFORT
NewMedia11,USER_14,Inductive Reasoning,Graphical,b,c,47.87317,COGNITIVE_EFFORT
NewMedia1,USER_14,Critical Thinking,Textual,b,a,39.93579,COGNITIVE_EFFORT
NewMedia20,USER_14,Spatial Reasoning,Graphical,c,d,31.207890000000006,COGNITIVE_EFFORT
NewMedia21,USER_14,Spatial Reasoning,Graphical,b,c,38.69006,COGNITIVE_EFFORT
NewMedia9,USER_14,Diagrammatic Reasoning,Graphical,b,b,71.70654,NOT_COGNITIVE_EFFORT
NewMedia12,USER_14,Inductive Reasoning,Graphical,d,d,40.88708,COGNITIVE_EFFORT
NewMedia7,USER_14,Diagrammatic Reasoning,Graphical,b,c,52.98461999999999,COGNITIVE_EFFORT
NewMedia14,USER_14,Logical Reasoning,Graphical,a,a,30.846190000000004,
NewMedia17,USER_14,Mechanical Reasoning,Graphical,b,b,25.74841,NOT_COGNITIVE_EFFORT
NewMedia8,USER_14,Diagrammatic Reasoning,Graphical,c,c,55.64355,NOT_COGNITIVE_EFFORT
NewMedia10,USER_15,Inductive Reasoning,Graphical,d,a,13.42349,COGNITIVE_EFFORT
NewMedia21,USER_15,Spatial Reasoning,Graphical,b,c,9.56573,COGNITIVE_EFFORT
NewMedia24,USER_15,Verbal Reasoning,Textual,b,b,45.69598,
NewMedia9,USER_15,Diagrammatic Reasoning,Graphical,b,b,54.33771,NOT_COGNITIVE_EFFORT
NewMedia15,USER_15,Logical Reasoning,Graphical,c,a,57.10352,COGNITIVE_EFFORT
NewMedia20,USER_15,Spatial Reasoning,Graphical,c,c,25.64108,NOT_COGNITIVE_EFFORT
NewMedia17,USER_15,Mechanical Reasoning,Graphical,b,b,14.100220000000002,NOT_COGNITIVE_EFFORT
NewMedia5,USER_15,Deductive Reasoning,Textual,b,a,58.06879,COGNITIVE_EFFORT
NewMedia16,USER_15,Mechanical Reasoning,Graphical,b,b,11.57465,NOT_COGNITIVE_EFFORT
NewMedia4,USER_15,Deductive Reasoning,Textual,a,a,16.9538,
NewMedia13,USER_15,Logical Reasoning,Graphical,d,d,18.48071,NOT_COGNITIVE_EFFORT
NewMedia7,USER_15,Diagrammatic Reasoning,Graphical,b,b,33.211,NOT_COGNITIVE_EFFORT
NewMedia12,USER_15,Inductive Reasoning,Graphical,d,d,11.61487,NOT_COGNITIVE_EFFORT
NewMedia6,USER_15,Deductive Reasoning,Textual,a,b,59.24133000000001,COGNITIVE_EFFORT
NewMedia8,USER_15,Diagrammatic Reasoning,Graphical,c,b,38.88409,COGNITIVE_EFFORT
NewMedia19,USER_15,Spatial Reasoning,Graphical,b,b,36.1449,NOT_COGNITIVE_EFFORT
NewMedia2,USER_15,Critical Thinking,Textual,a,b,34.62415,COGNITIVE_EFFORT
NewMedia18,USER_15,Mechanical Reasoning,Graphical,a,b,28.9837,COGNITIVE_EFFORT
NewMedia23,USER_15,Verbal Reasoning,Textual,d,d,66.61578,NOT_COGNITIVE_EFFORT
NewMedia14,USER_15,Logical Reasoning,Graphical,a,a,87.86981,COGNITIVE_EFFORT
NewMedia1,USER_15,Critical Thinking,Textual,b,a,20.34363,COGNITIVE_EFFORT
NewMedia22,USER_15,Verbal Reasoning,Textual,d,d,58.34277,NOT_COGNITIVE_EFFORT
NewMedia3,USER_15,Critical Thinking,Textual,a,b,23.46436,COGNITIVE_EFFORT
NewMedia11,USER_15,Inductive Reasoning,Graphical,b,b,33.15747,NOT_COGNITIVE_EFFORT
NewMedia12,USER_16,Inductive Reasoning,Graphical,d,d,26.39206,NOT_COGNITIVE_EFFORT
NewMedia9,USER_16,Diagrammatic Reasoning,Graphical,b,b,120.72549,COGNITIVE_EFFORT
NewMedia7,USER_16,Diagrammatic Reasoning,Graphical,b,b,64.30487,COGNITIVE_EFFORT
NewMedia22,USER_16,Verbal Reasoning,Textual,d,d,145.94522,COGNITIVE_EFFORT
NewMedia10,USER_16,Inductive Reasoning,Graphical,d,b,133.18469,COGNITIVE_EFFORT
NewMedia14,USER_16,Logical Reasoning,Graphical,a,b,69.20782,COGNITIVE_EFFORT
NewMedia15,USER_16,Logical Reasoning,Graphical,c,c,68.40411,COGNITIVE_EFFORT
NewMedia23,USER_16,Verbal Reasoning,Textual,d,d,153.52123999999995,COGNITIVE_EFFORT
NewMedia3,USER_16,Critical Thinking,Textual,a,b,58.2298,COGNITIVE_EFFORT
NewMedia19,USER_16,Spatial Reasoning,Graphical,b,b,42.84924,NOT_COGNITIVE_EFFORT
NewMedia17,USER_16,Mechanical Reasoning,Graphical,b,b,23.20386,NOT_COGNITIVE_EFFORT
NewMedia11,USER_16,Inductive Reasoning,Graphical,b,b,267.63477,COGNITIVE_EFFORT
NewMedia13,USER_16,Logical Reasoning,Graphical,d,d,81.29236,COGNITIVE_EFFORT
NewMedia20,USER_16,Spatial Reasoning,Graphical,c,c,70.73510999999998,COGNITIVE_EFFORT
NewMedia4,USER_16,Deductive Reasoning,Textual,a,a,103.16248,COGNITIVE_EFFORT
NewMedia5,USER_16,Deductive Reasoning,Textual,b,b,114.34875,COGNITIVE_EFFORT
NewMedia21,USER_16,Spatial Reasoning,Graphical,b,b,51.81836,COGNITIVE_EFFORT
NewMedia16,USER_16,Mechanical Reasoning,Graphical,b,b,14.79004,NOT_COGNITIVE_EFFORT
NewMedia8,USER_16,Diagrammatic Reasoning,Graphical,c,c,114.76453,COGNITIVE_EFFORT
NewMedia1,USER_16,Critical Thinking,Textual,b,a,68.46387,COGNITIVE_EFFORT
NewMedia6,USER_16,Deductive Reasoning,Textual,a,a,169.3092,COGNITIVE_EFFORT
NewMedia2,USER_16,Critical Thinking,Textual,a,b,40.99414,COGNITIVE_EFFORT
NewMedia24,USER_16,Verbal Reasoning,Textual,b,b,82.6853,NOT_COGNITIVE_EFFORT
NewMedia18,USER_16,Mechanical Reasoning,Graphical,a,a,72.78491,COGNITIVE_EFFORT
NewMedia19,USER_17,Spatial Reasoning,Graphical,b,a,66.9191,COGNITIVE_EFFORT
NewMedia14,USER_17,Logical Reasoning,Graphical,a,a,66.65085,COGNITIVE_EFFORT
NewMedia15,USER_17,Logical Reasoning,Graphical,c,b,32.35376,COGNITIVE_EFFORT
NewMedia10,USER_17,Inductive Reasoning,Graphical,d,a,50.68024000000001,COGNITIVE_EFFORT
NewMedia21,USER_17,Spatial Reasoning,Graphical,b,c,38.82379,COGNITIVE_EFFORT
NewMedia6,USER_17,Deductive Reasoning,Textual,a,a,80.86346,NOT_COGNITIVE_EFFORT
NewMedia18,USER_17,Mechanical Reasoning,Graphical,a,a,165.00232,COGNITIVE_EFFORT
NewMedia20,USER_17,Spatial Reasoning,Graphical,c,d,36.66058,COGNITIVE_EFFORT
NewMedia9,USER_17,Diagrammatic Reasoning,Graphical,b,b,196.7464,COGNITIVE_EFFORT
NewMedia8,USER_17,Diagrammatic Reasoning,Graphical,c,c,220.35754,COGNITIVE_EFFORT
NewMedia22,USER_17,Verbal Reasoning,Textual,d,d,63.2196,NOT_COGNITIVE_EFFORT
NewMedia16,USER_17,Mechanical Reasoning,Graphical,b,b,20.48352,COGNITIVE_EFFORT
NewMedia13,USER_17,Logical Reasoning,Graphical,d,d,66.83679000000001,COGNITIVE_EFFORT
NewMedia5,USER_17,Deductive Reasoning,Textual,b,b,51.64453,NOT_COGNITIVE_EFFORT
NewMedia4,USER_17,Deductive Reasoning,Textual,a,a,24.07434,NOT_COGNITIVE_EFFORT
NewMedia3,USER_17,Critical Thinking,Textual,a,a,29.07715,NOT_COGNITIVE_EFFORT
NewMedia23,USER_17,Verbal Reasoning,Textual,d,c,39.54736,COGNITIVE_EFFORT
NewMedia12,USER_17,Inductive Reasoning,Graphical,d,d,33.43176,COGNITIVE_EFFORT
NewMedia11,USER_17,Inductive Reasoning,Graphical,b,b,34.7583,NOT_COGNITIVE_EFFORT
NewMedia1,USER_17,Critical Thinking,Textual,b,a,61.45142,COGNITIVE_EFFORT
NewMedia7,USER_17,Diagrammatic Reasoning,Graphical,b,a,50.86133,COGNITIVE_EFFORT
NewMedia24,USER_17,Verbal Reasoning,Textual,b,b,78.49817,NOT_COGNITIVE_EFFORT
NewMedia2,USER_17,Critical Thinking,Textual,a,a,40.78601,NOT_COGNITIVE_EFFORT
NewMedia17,USER_17,Mechanical Reasoning,Graphical,b,b,22.93542,NOT_COGNITIVE_EFFORT
NewMedia23,USER_18,Verbal Reasoning,Textual,d,d,140.33871000000002,COGNITIVE_EFFORT
NewMedia2,USER_18,Critical Thinking,Textual,a,b,46.98975,COGNITIVE_EFFORT
NewMedia12,USER_18,Inductive Reasoning,Graphical,d,d,16.80646,NOT_COGNITIVE_EFFORT
NewMedia10,USER_18,Inductive Reasoning,Graphical,d,a,17.4162,COGNITIVE_EFFORT
NewMedia4,USER_18,Deductive Reasoning,Textual,a,a,61.64526,NOT_COGNITIVE_EFFORT
NewMedia21,USER_18,Spatial Reasoning,Graphical,b,a,94.20013,COGNITIVE_EFFORT
NewMedia20,USER_18,Spatial Reasoning,Graphical,c,c,30.61194,NOT_COGNITIVE_EFFORT
NewMedia8,USER_18,Diagrammatic Reasoning,Graphical,c,c,71.25763,NOT_COGNITIVE_EFFORT
NewMedia5,USER_18,Deductive Reasoning,Textual,b,a,56.46747,COGNITIVE_EFFORT
NewMedia6,USER_18,Deductive Reasoning,Textual,a,a,81.05084000000002,NOT_COGNITIVE_EFFORT
NewMedia3,USER_18,Critical Thinking,Textual,a,a,41.68427,NOT_COGNITIVE_EFFORT
NewMedia16,USER_18,Mechanical Reasoning,Graphical,b,b,18.96997,NOT_COGNITIVE_EFFORT
NewMedia24,USER_18,Verbal Reasoning,Textual,b,b,102.95447,COGNITIVE_EFFORT
NewMedia22,USER_18,Verbal Reasoning,Textual,d,d,67.86145,NOT_COGNITIVE_EFFORT
NewMedia13,USER_18,Logical Reasoning,Graphical,d,d,87.3606,COGNITIVE_EFFORT
NewMedia17,USER_18,Mechanical Reasoning,Graphical,b,b,45.9176,COGNITIVE_EFFORT
NewMedia18,USER_18,Mechanical Reasoning,Graphical,a,a,53.83484,NOT_COGNITIVE_EFFORT
NewMedia15,USER_18,Logical Reasoning,Graphical,c,c,59.5625,COGNITIVE_EFFORT
NewMedia11,USER_18,Inductive Reasoning,Graphical,b,b,15.365479999999998,
NewMedia14,USER_18,Logical Reasoning,Graphical,a,a,91.73462,COGNITIVE_EFFORT
NewMedia19,USER_18,Spatial Reasoning,Graphical,b,b,56.01196,NOT_COGNITIVE_EFFORT
NewMedia7,USER_18,Diagrammatic Reasoning,Graphical,b,b,55.79785,NOT_COGNITIVE_EFFORT
NewMedia9,USER_18,Diagrammatic Reasoning,Graphical,b,b,47.40417,NOT_COGNITIVE_EFFORT
NewMedia1,USER_18,Critical Thinking,Textual,b,a,96.5575,COGNITIVE_EFFORT
NewMedia4,USER_19,Deductive Reasoning,Textual,a,a,53.27884,NOT_COGNITIVE_EFFORT
NewMedia20,USER_19,Spatial Reasoning,Graphical,c,c,19.21112,
NewMedia19,USER_19,Spatial Reasoning,Graphical,b,b,17.85162,
NewMedia3,USER_19,Critical Thinking,Textual,a,a,28.93024,NOT_COGNITIVE_EFFORT
NewMedia15,USER_19,Logical Reasoning,Graphical,c,c,26.42554,NOT_COGNITIVE_EFFORT
NewMedia18,USER_19,Mechanical Reasoning,Graphical,a,a,21.49524,NOT_COGNITIVE_EFFORT
NewMedia24,USER_19,Verbal Reasoning,Textual,b,b,80.21325999999998,NOT_COGNITIVE_EFFORT
NewMedia16,USER_19,Mechanical Reasoning,Graphical,b,b,10.89819,NOT_COGNITIVE_EFFORT
NewMedia9,USER_19,Diagrammatic Reasoning,Graphical,b,d,51.6377,COGNITIVE_EFFORT
NewMedia5,USER_19,Deductive Reasoning,Textual,b,b,31.37531,NOT_COGNITIVE_EFFORT
NewMedia14,USER_19,Logical Reasoning,Graphical,a,a,45.42859,NOT_COGNITIVE_EFFORT
NewMedia13,USER_19,Logical Reasoning,Graphical,d,d,34.33606,NOT_COGNITIVE_EFFORT
NewMedia11,USER_19,Inductive Reasoning,Graphical,b,b,21.76324,NOT_COGNITIVE_EFFORT
NewMedia23,USER_19,Verbal Reasoning,Textual,d,d,92.43787,NOT_COGNITIVE_EFFORT
NewMedia2,USER_19,Critical Thinking,Textual,a,a,36.3786,NOT_COGNITIVE_EFFORT
NewMedia17,USER_19,Mechanical Reasoning,Graphical,b,b,16.24353,NOT_COGNITIVE_EFFORT
NewMedia10,USER_19,Inductive Reasoning,Graphical,d,b,36.63342,COGNITIVE_EFFORT
NewMedia12,USER_19,Inductive Reasoning,Graphical,d,d,17.52307,NOT_COGNITIVE_EFFORT
NewMedia21,USER_19,Spatial Reasoning,Graphical,b,c,20.323,COGNITIVE_EFFORT
NewMedia8,USER_19,Diagrammatic Reasoning,Graphical,c,b,69.08716,COGNITIVE_EFFORT
NewMedia7,USER_19,Diagrammatic Reasoning,Graphical,b,b,21.32117,
NewMedia6,USER_19,Deductive Reasoning,Textual,a,a,40.11597,
NewMedia1,USER_19,Critical Thinking,Textual,b,b,39.92871,
NewMedia22,USER_19,Verbal Reasoning,Textual,d,d,52.75012,NOT_COGNITIVE_EFFORT
NewMedia21,USER_20,Spatial Reasoning,Graphical,b,b,96.5188,COGNITIVE_EFFORT
NewMedia8,USER_20,Diagrammatic Reasoning,Graphical,c,b,69.4165,COGNITIVE_EFFORT
NewMedia9,USER_20,Diagrammatic Reasoning,Graphical,b,b,63.15869,NOT_COGNITIVE_EFFORT
NewMedia18,USER_20,Mechanical Reasoning,Graphical,a,c,94.8689,COGNITIVE_EFFORT
NewMedia10,USER_20,Inductive Reasoning,Graphical,d,a,123.41113,COGNITIVE_EFFORT
NewMedia24,USER_20,Verbal Reasoning,Textual,b,b,155.43555,COGNITIVE_EFFORT
NewMedia11,USER_20,Inductive Reasoning,Graphical,b,c,124.08105,COGNITIVE_EFFORT
NewMedia14,USER_20,Logical Reasoning,Graphical,a,a,73.15966999999998,COGNITIVE_EFFORT
NewMedia2,USER_20,Critical Thinking,Textual,a,a,43.90137,NOT_COGNITIVE_EFFORT
NewMedia7,USER_20,Diagrammatic Reasoning,Graphical,b,b,51.78467,NOT_COGNITIVE_EFFORT
NewMedia12,USER_20,Inductive Reasoning,Graphical,d,d,16.136229999999998,NOT_COGNITIVE_EFFORT
NewMedia3,USER_20,Critical Thinking,Textual,a,b,48.60986,COGNITIVE_EFFORT
NewMedia19,USER_20,Spatial Reasoning,Graphical,b,d,128.96338,COGNITIVE_EFFORT
NewMedia22,USER_20,Verbal Reasoning,Textual,d,d,95.9541,COGNITIVE_EFFORT
NewMedia1,USER_20,Critical Thinking,Textual,b,b,65.79834,COGNITIVE_EFFORT
NewMedia5,USER_20,Deductive Reasoning,Textual,b,a,200.96484,COGNITIVE_EFFORT
NewMedia17,USER_20,Mechanical Reasoning,Graphical,b,b,28.09326,COGNITIVE_EFFORT
NewMedia13,USER_20,Logical Reasoning,Graphical,d,a,41.93945,COGNITIVE_EFFORT
NewMedia15,USER_20,Logical Reasoning,Graphical,c,c,41.71045,NOT_COGNITIVE_EFFORT
NewMedia23,USER_20,Verbal Reasoning,Textual,d,d,167.47998,COGNITIVE_EFFORT
NewMedia16,USER_20,Mechanical Reasoning,Graphical,b,b,35.80225,COGNITIVE_EFFORT
NewMedia6,USER_20,Deductive Reasoning,Textual,a,a,104.77539,COGNITIVE_EFFORT
NewMedia20,USER_20,Spatial Reasoning,Graphical,c,c,99.10938,COGNITIVE_EFFORT
NewMedia4,USER_20,Deductive Reasoning,Textual,a,a,29.98242,NOT_COGNITIVE_EFFORT
NewMedia6,USER_21,Deductive Reasoning,Textual,a,c,87.81543,COGNITIVE_EFFORT
NewMedia21,USER_21,Spatial Reasoning,Graphical,b,b,25.50732,NOT_COGNITIVE_EFFORT
NewMedia18,USER_21,Mechanical Reasoning,Graphical,a,a,12.38574,
NewMedia3,USER_21,Critical Thinking,Textual,a,a,32.70068,NOT_COGNITIVE_EFFORT
NewMedia10,USER_21,Inductive Reasoning,Graphical,d,a,47.51855,COGNITIVE_EFFORT
NewMedia16,USER_21,Mechanical Reasoning,Graphical,b,a,13.51025,COGNITIVE_EFFORT
NewMedia8,USER_21,Diagrammatic Reasoning,Graphical,c,b,98.07764,COGNITIVE_EFFORT
NewMedia17,USER_21,Mechanical Reasoning,Graphical,b,b,23.8667,NOT_COGNITIVE_EFFORT
NewMedia20,USER_21,Spatial Reasoning,Graphical,c,c,73.58887,COGNITIVE_EFFORT
NewMedia13,USER_21,Logical Reasoning,Graphical,d,d,20.02051,NOT_COGNITIVE_EFFORT
NewMedia7,USER_21,Diagrammatic Reasoning,Graphical,b,d,41.32861,COGNITIVE_EFFORT
NewMedia24,USER_21,Verbal Reasoning,Textual,b,d,84.68799,COGNITIVE_EFFORT
NewMedia15,USER_21,Logical Reasoning,Graphical,c,a,49.1123,COGNITIVE_EFFORT
NewMedia1,USER_21,Critical Thinking,Textual,b,a,26.27686,COGNITIVE_EFFORT
NewMedia9,USER_21,Diagrammatic Reasoning,Graphical,b,a,58.38965,COGNITIVE_EFFORT
NewMedia19,USER_21,Spatial Reasoning,Graphical,b,a,29.27197,COGNITIVE_EFFORT
NewMedia11,USER_21,Inductive Reasoning,Graphical,b,c,16.71191,COGNITIVE_EFFORT
NewMedia22,USER_21,Verbal Reasoning,Textual,d,d,53.16504000000001,NOT_COGNITIVE_EFFORT
NewMedia12,USER_21,Inductive Reasoning,Graphical,d,d,49.8291,COGNITIVE_EFFORT
NewMedia2,USER_21,Critical Thinking,Textual,a,a,42.73535,NOT_COGNITIVE_EFFORT
NewMedia4,USER_21,Deductive Reasoning,Textual,a,a,38.09424,NOT_COGNITIVE_EFFORT
NewMedia5,USER_21,Deductive Reasoning,Textual,b,c,23.46387,COGNITIVE_EFFORT
NewMedia14,USER_21,Logical Reasoning,Graphical,a,a,77.15234,COGNITIVE_EFFORT
NewMedia23,USER_21,Verbal Reasoning,Textual,d,d,92.73193,NOT_COGNITIVE_EFFORT
NewMedia11,USER_22,Inductive Reasoning,Graphical,b,b,22.48605,NOT_COGNITIVE_EFFORT
NewMedia22,USER_22,Verbal Reasoning,Textual,d,d,187.01901,COGNITIVE_EFFORT
NewMedia20,USER_22,Spatial Reasoning,Graphical,c,c,29.58704,NOT_COGNITIVE_EFFORT
NewMedia6,USER_22,Deductive Reasoning,Textual,a,c,77.58057,COGNITIVE_EFFORT
NewMedia17,USER_22,Mechanical Reasoning,Graphical,b,b,20.84515,NOT_COGNITIVE_EFFORT
NewMedia23,USER_22,Verbal Reasoning,Textual,d,c,25.07214,COGNITIVE_EFFORT
NewMedia7,USER_22,Diagrammatic Reasoning,Graphical,b,b,45.64954,NOT_COGNITIVE_EFFORT
NewMedia19,USER_22,Spatial Reasoning,Graphical,b,b,30.82074,NOT_COGNITIVE_EFFORT
NewMedia12,USER_22,Inductive Reasoning,Graphical,d,d,14.334229999999998,NOT_COGNITIVE_EFFORT
NewMedia21,USER_22,Spatial Reasoning,Graphical,b,c,11.61511,COGNITIVE_EFFORT
NewMedia15,USER_22,Logical Reasoning,Graphical,c,c,26.7533,NOT_COGNITIVE_EFFORT
NewMedia24,USER_22,Verbal Reasoning,Textual,b,b,63.13214,NOT_COGNITIVE_EFFORT
NewMedia2,USER_22,Critical Thinking,Textual,a,b,31.89783,COGNITIVE_EFFORT
NewMedia16,USER_22,Mechanical Reasoning,Graphical,b,b,10.74408,NOT_COGNITIVE_EFFORT
NewMedia14,USER_22,Logical Reasoning,Graphical,a,b,57.99511999999999,COGNITIVE_EFFORT
NewMedia8,USER_22,Diagrammatic Reasoning,Graphical,c,c,73.07275,NOT_COGNITIVE_EFFORT
NewMedia5,USER_22,Deductive Reasoning,Textual,b,b,165.41663,COGNITIVE_EFFORT
NewMedia1,USER_22,Critical Thinking,Textual,b,b,44.68469,NOT_COGNITIVE_EFFORT
NewMedia18,USER_22,Mechanical Reasoning,Graphical,a,a,26.14368,NOT_COGNITIVE_EFFORT
NewMedia3,USER_22,Critical Thinking,Textual,a,b,78.51172,COGNITIVE_EFFORT
NewMedia9,USER_22,Diagrammatic Reasoning,Graphical,b,b,33.51208,NOT_COGNITIVE_EFFORT
NewMedia10,USER_22,Inductive Reasoning,Graphical,d,a,88.95483,COGNITIVE_EFFORT
NewMedia13,USER_22,Logical Reasoning,Graphical,d,d,128.94421,COGNITIVE_EFFORT
NewMedia4,USER_22,Deductive Reasoning,Textual,a,a,34.48352,NOT_COGNITIVE_EFFORT
NewMedia16,USER_23,Mechanical Reasoning,Graphical,b,b,28.34082,COGNITIVE_EFFORT
NewMedia14,USER_23,Logical Reasoning,Graphical,a,d,59.04639,COGNITIVE_EFFORT
NewMedia24,USER_23,Verbal Reasoning,Textual,b,b,121.86414,COGNITIVE_EFFORT
NewMedia5,USER_23,Deductive Reasoning,Textual,b,b,83.25415,COGNITIVE_EFFORT
NewMedia4,USER_23,Deductive Reasoning,Textual,a,a,33.6731,NOT_COGNITIVE_EFFORT
NewMedia11,USER_23,Inductive Reasoning,Graphical,b,b,27.79199,NOT_COGNITIVE_EFFORT
NewMedia19,USER_23,Spatial Reasoning,Graphical,b,b,44.55054000000001,NOT_COGNITIVE_EFFORT
NewMedia3,USER_23,Critical Thinking,Textual,a,a,73.74243,COGNITIVE_EFFORT
NewMedia1,USER_23,Critical Thinking,Textual,b,b,82.74023000000003,COGNITIVE_EFFORT
NewMedia7,USER_23,Diagrammatic Reasoning,Graphical,b,b,67.07568,COGNITIVE_EFFORT
NewMedia9,USER_23,Diagrammatic Reasoning,Graphical,b,b,57.88086,NOT_COGNITIVE_EFFORT
NewMedia20,USER_23,Spatial Reasoning,Graphical,c,c,50.11035,NOT_COGNITIVE_EFFORT
NewMedia21,USER_23,Spatial Reasoning,Graphical,b,b,117.95874,COGNITIVE_EFFORT
NewMedia22,USER_23,Verbal Reasoning,Textual,d,d,159.44189,COGNITIVE_EFFORT
NewMedia8,USER_23,Diagrammatic Reasoning,Graphical,c,b,87.48804,COGNITIVE_EFFORT
NewMedia13,USER_23,Logical Reasoning,Graphical,d,d,32.76147,NOT_COGNITIVE_EFFORT
NewMedia15,USER_23,Logical Reasoning,Graphical,c,c,66.63574,COGNITIVE_EFFORT
NewMedia10,USER_23,Inductive Reasoning,Graphical,d,a,126.7334,COGNITIVE_EFFORT
NewMedia2,USER_23,Critical Thinking,Textual,a,a,66.40796,COGNITIVE_EFFORT
NewMedia23,USER_23,Verbal Reasoning,Textual,d,d,84.55371,NOT_COGNITIVE_EFFORT
NewMedia17,USER_23,Mechanical Reasoning,Graphical,b,b,20.97974,NOT_COGNITIVE_EFFORT
NewMedia18,USER_23,Mechanical Reasoning,Graphical,a,a,49.32031,NOT_COGNITIVE_EFFORT
NewMedia12,USER_23,Inductive Reasoning,Graphical,d,d,72.00731999999998,COGNITIVE_EFFORT
NewMedia6,USER_23,Deductive Reasoning,Textual,a,a,82.0022,NOT_COGNITIVE_EFFORT
NewMedia4,USER_24,Deductive Reasoning,Textual,a,a,86.91211,COGNITIVE_EFFORT
NewMedia7,USER_24,Diagrammatic Reasoning,Graphical,b,b,56.33984,NOT_COGNITIVE_EFFORT
NewMedia2,USER_24,Critical Thinking,Textual,a,a,50.39844,COGNITIVE_EFFORT
NewMedia14,USER_24,Logical Reasoning,Graphical,a,a,45.32129000000001,NOT_COGNITIVE_EFFORT
NewMedia18,USER_24,Mechanical Reasoning,Graphical,a,a,38.5957,NOT_COGNITIVE_EFFORT
NewMedia9,USER_24,Diagrammatic Reasoning,Graphical,b,b,57.8877,NOT_COGNITIVE_EFFORT
NewMedia1,USER_24,Critical Thinking,Textual,b,b,71.91356999999998,COGNITIVE_EFFORT
NewMedia17,USER_24,Mechanical Reasoning,Graphical,b,b,11.04541,NOT_COGNITIVE_EFFORT
NewMedia3,USER_24,Critical Thinking,Textual,a,a,44.40381,NOT_COGNITIVE_EFFORT
NewMedia20,USER_24,Spatial Reasoning,Graphical,c,c,23.18945,NOT_COGNITIVE_EFFORT
NewMedia23,USER_24,Verbal Reasoning,Textual,d,c,109.99463,COGNITIVE_EFFORT
NewMedia8,USER_24,Diagrammatic Reasoning,Graphical,c,c,42.96387,NOT_COGNITIVE_EFFORT
NewMedia11,USER_24,Inductive Reasoning,Graphical,b,b,63.9292,COGNITIVE_EFFORT
NewMedia5,USER_24,Deductive Reasoning,Textual,b,b,42.13281,NOT_COGNITIVE_EFFORT
NewMedia24,USER_24,Verbal Reasoning,Textual,b,b,57.24511999999999,NOT_COGNITIVE_EFFORT
NewMedia19,USER_24,Spatial Reasoning,Graphical,b,b,66.62891,COGNITIVE_EFFORT
NewMedia22,USER_24,Verbal Reasoning,Textual,d,d,103.71143,COGNITIVE_EFFORT
NewMedia12,USER_24,Inductive Reasoning,Graphical,d,d,12.15088,NOT_COGNITIVE_EFFORT
NewMedia13,USER_24,Logical Reasoning,Graphical,d,d,43.8877,NOT_COGNITIVE_EFFORT
NewMedia16,USER_24,Mechanical Reasoning,Graphical,b,b,10.81738,NOT_COGNITIVE_EFFORT
NewMedia21,USER_24,Spatial Reasoning,Graphical,b,b,18.32031,NOT_COGNITIVE_EFFORT
NewMedia15,USER_24,Logical Reasoning,Graphical,c,c,20.58447,NOT_COGNITIVE_EFFORT
NewMedia10,USER_24,Inductive Reasoning,Graphical,d,a,67.72705,COGNITIVE_EFFORT
NewMedia6,USER_24,Deductive Reasoning,Textual,a,a,83.26074,NOT_COGNITIVE_EFFORT
NewMedia24,USER_27,Verbal Reasoning,Textual,b,a,38.67676,COGNITIVE_EFFORT
NewMedia16,USER_27,Mechanical Reasoning,Graphical,b,b,15.74805,NOT_COGNITIVE_EFFORT
NewMedia17,USER_27,Mechanical Reasoning,Graphical,b,b,30.87207,COGNITIVE_EFFORT
NewMedia9,USER_27,Diagrammatic Reasoning,Graphical,b,b,160.69433999999995,COGNITIVE_EFFORT
NewMedia1,USER_27,Critical Thinking,Textual,b,b,73.25391,COGNITIVE_EFFORT
NewMedia2,USER_27,Critical Thinking,Textual,a,b,72.38965,COGNITIVE_EFFORT
NewMedia11,USER_27,Inductive Reasoning,Graphical,b,b,84.33887,COGNITIVE_EFFORT
NewMedia19,USER_27,Spatial Reasoning,Graphical,b,b,136.07813000000002,COGNITIVE_EFFORT
NewMedia21,USER_27,Spatial Reasoning,Graphical,b,a,140.05664,COGNITIVE_EFFORT
NewMedia23,USER_27,Verbal Reasoning,Textual,d,d,202.31934,COGNITIVE_EFFORT
NewMedia22,USER_27,Verbal Reasoning,Textual,d,d,202.23828,COGNITIVE_EFFORT
NewMedia8,USER_27,Diagrammatic Reasoning,Graphical,c,c,120.80664,COGNITIVE_EFFORT
NewMedia4,USER_27,Deductive Reasoning,Textual,a,a,157.86719,COGNITIVE_EFFORT
NewMedia6,USER_27,Deductive Reasoning,Textual,a,a,90.9375,NOT_COGNITIVE_EFFORT
NewMedia7,USER_27,Diagrammatic Reasoning,Graphical,b,b,84.48828,COGNITIVE_EFFORT
NewMedia5,USER_27,Deductive Reasoning,Textual,b,b,49.92969,NOT_COGNITIVE_EFFORT
NewMedia10,USER_27,Inductive Reasoning,Graphical,d,a,112.16602,COGNITIVE_EFFORT
NewMedia12,USER_27,Inductive Reasoning,Graphical,d,d,142.5625,COGNITIVE_EFFORT
NewMedia18,USER_27,Mechanical Reasoning,Graphical,a,a,89.39063,COGNITIVE_EFFORT
NewMedia13,USER_27,Logical Reasoning,Graphical,d,d,212.82031,COGNITIVE_EFFORT
NewMedia15,USER_27,Logical Reasoning,Graphical,c,c,40.88086,NOT_COGNITIVE_EFFORT
NewMedia14,USER_27,Logical Reasoning,Graphical,a,a,79.08594000000002,COGNITIVE_EFFORT
NewMedia3,USER_27,Critical Thinking,Textual,a,b,49.45508,COGNITIVE_EFFORT
NewMedia20,USER_27,Spatial Reasoning,Graphical,c,c,48.25,NOT_COGNITIVE_EFFORT
NewMedia8,USER_28,Diagrammatic Reasoning,Graphical,c,a,68.19672,COGNITIVE_EFFORT
NewMedia18,USER_28,Mechanical Reasoning,Graphical,a,a,33.2041,NOT_COGNITIVE_EFFORT
NewMedia20,USER_28,Spatial Reasoning,Graphical,c,c,30.571590000000004,NOT_COGNITIVE_EFFORT
NewMedia1,USER_28,Critical Thinking,Textual,b,a,48.87897,COGNITIVE_EFFORT
NewMedia2,USER_28,Critical Thinking,Textual,a,b,54.37787,COGNITIVE_EFFORT
NewMedia4,USER_28,Deductive Reasoning,Textual,a,a,90.61652,COGNITIVE_EFFORT
NewMedia13,USER_28,Logical Reasoning,Graphical,d,d,31.89758,NOT_COGNITIVE_EFFORT
NewMedia10,USER_28,Inductive Reasoning,Graphical,d,a,35.5957,COGNITIVE_EFFORT
NewMedia12,USER_28,Inductive Reasoning,Graphical,d,d,29.76111,NOT_COGNITIVE_EFFORT
NewMedia11,USER_28,Inductive Reasoning,Graphical,b,b,34.91943,NOT_COGNITIVE_EFFORT
NewMedia6,USER_28,Deductive Reasoning,Textual,a,c,82.5647,COGNITIVE_EFFORT
NewMedia14,USER_28,Logical Reasoning,Graphical,a,c,48.72949000000001,COGNITIVE_EFFORT
NewMedia5,USER_28,Deductive Reasoning,Textual,b,b,70.77515,COGNITIVE_EFFORT
NewMedia7,USER_28,Diagrammatic Reasoning,Graphical,b,b,65.87256,COGNITIVE_EFFORT
NewMedia23,USER_28,Verbal Reasoning,Textual,d,d,104.87061,NOT_COGNITIVE_EFFORT
NewMedia24,USER_28,Verbal Reasoning,Textual,b,c,59.3009,COGNITIVE_EFFORT
NewMedia17,USER_28,Mechanical Reasoning,Graphical,b,b,8.30579,
NewMedia15,USER_28,Logical Reasoning,Graphical,c,a,24.41577,COGNITIVE_EFFORT
NewMedia16,USER_28,Mechanical Reasoning,Graphical,b,b,5.96191,
NewMedia19,USER_28,Spatial Reasoning,Graphical,b,b,81.81396,COGNITIVE_EFFORT
NewMedia9,USER_28,Diagrammatic Reasoning,Graphical,b,a,64.08459,COGNITIVE_EFFORT
NewMedia22,USER_28,Verbal Reasoning,Textual,d,d,83.91077,NOT_COGNITIVE_EFFORT
NewMedia21,USER_28,Spatial Reasoning,Graphical,b,b,24.33533,NOT_COGNITIVE_EFFORT
NewMedia3,USER_28,Critical Thinking,Textual,a,a,33.92102,NOT_COGNITIVE_EFFORT
NewMedia20,USER_29,Spatial Reasoning,Graphical,c,d,22.30566,COGNITIVE_EFFORT
NewMedia3,USER_29,Critical Thinking,Textual,a,b,57.44556,COGNITIVE_EFFORT
NewMedia21,USER_29,Spatial Reasoning,Graphical,b,b,13.06812,
NewMedia12,USER_29,Inductive Reasoning,Graphical,d,d,11.89648,NOT_COGNITIVE_EFFORT
NewMedia1,USER_29,Critical Thinking,Textual,b,b,42.77588,NOT_COGNITIVE_EFFORT
NewMedia7,USER_29,Diagrammatic Reasoning,Graphical,b,b,52.93066,NOT_COGNITIVE_EFFORT
NewMedia8,USER_29,Diagrammatic Reasoning,Graphical,c,b,43.28516,COGNITIVE_EFFORT
NewMedia22,USER_29,Verbal Reasoning,Textual,d,d,59.06616,NOT_COGNITIVE_EFFORT
NewMedia5,USER_29,Deductive Reasoning,Textual,b,b,49.67505,NOT_COGNITIVE_EFFORT
NewMedia14,USER_29,Logical Reasoning,Graphical,a,b,47.16309,COGNITIVE_EFFORT
NewMedia4,USER_29,Deductive Reasoning,Textual,a,a,29.36572,NOT_COGNITIVE_EFFORT
NewMedia19,USER_29,Spatial Reasoning,Graphical,b,b,39.17261,NOT_COGNITIVE_EFFORT
NewMedia17,USER_29,Mechanical Reasoning,Graphical,b,b,31.663090000000004,COGNITIVE_EFFORT
NewMedia9,USER_29,Diagrammatic Reasoning,Graphical,b,b,48.1748,NOT_COGNITIVE_EFFORT
NewMedia15,USER_29,Logical Reasoning,Graphical,c,a,47.00952,COGNITIVE_EFFORT
NewMedia6,USER_29,Deductive Reasoning,Textual,a,a,87.68236999999998,NOT_COGNITIVE_EFFORT
NewMedia16,USER_29,Mechanical Reasoning,Graphical,b,b,27.87183,COGNITIVE_EFFORT
NewMedia10,USER_29,Inductive Reasoning,Graphical,d,a,40.56543,COGNITIVE_EFFORT
NewMedia23,USER_29,Verbal Reasoning,Textual,d,d,103.23584,NOT_COGNITIVE_EFFORT
NewMedia24,USER_29,Verbal Reasoning,Textual,b,b,77.66748,NOT_COGNITIVE_EFFORT
NewMedia11,USER_29,Inductive Reasoning,Graphical,b,b,23.67847,NOT_COGNITIVE_EFFORT
NewMedia13,USER_29,Logical Reasoning,Graphical,d,d,35.4209,NOT_COGNITIVE_EFFORT
NewMedia2,USER_29,Critical Thinking,Textual,a,a,25.50757,NOT_COGNITIVE_EFFORT
NewMedia18,USER_29,Mechanical Reasoning,Graphical,a,b,50.8877,COGNITIVE_EFFORT
NewMedia12,USER_31,Inductive Reasoning,Graphical,d,d,11.71573,NOT_COGNITIVE_EFFORT
NewMedia16,USER_31,Mechanical Reasoning,Graphical,b,a,10.4425,COGNITIVE_EFFORT
NewMedia22,USER_31,Verbal Reasoning,Textual,d,d,45.43417,NOT_COGNITIVE_EFFORT
NewMedia17,USER_31,Mechanical Reasoning,Graphical,b,c,6.2897,COGNITIVE_EFFORT
NewMedia23,USER_31,Verbal Reasoning,Textual,d,d,61.5451,NOT_COGNITIVE_EFFORT
NewMedia19,USER_31,Spatial Reasoning,Graphical,b,b,29.15097,NOT_COGNITIVE_EFFORT
NewMedia1,USER_31,Critical Thinking,Textual,b,a,37.49149,COGNITIVE_EFFORT
NewMedia11,USER_31,Inductive Reasoning,Graphical,b,b,38.09317,NOT_COGNITIVE_EFFORT
NewMedia10,USER_31,Inductive Reasoning,Graphical,d,a,12.79425,COGNITIVE_EFFORT
NewMedia21,USER_31,Spatial Reasoning,Graphical,b,c,27.18185,COGNITIVE_EFFORT
NewMedia6,USER_31,Deductive Reasoning,Textual,a,a,70.10507,NOT_COGNITIVE_EFFORT
NewMedia4,USER_31,Deductive Reasoning,Textual,a,a,49.9632,NOT_COGNITIVE_EFFORT
NewMedia18,USER_31,Mechanical Reasoning,Graphical,a,a,25.6347,NOT_COGNITIVE_EFFORT
NewMedia20,USER_31,Spatial Reasoning,Graphical,c,c,67.66058000000001,COGNITIVE_EFFORT
NewMedia13,USER_31,Logical Reasoning,Graphical,d,d,40.47839000000001,NOT_COGNITIVE_EFFORT
NewMedia2,USER_31,Critical Thinking,Textual,a,a,30.86633,NOT_COGNITIVE_EFFORT
NewMedia9,USER_31,Diagrammatic Reasoning,Graphical,b,a,94.30023,COGNITIVE_EFFORT
NewMedia5,USER_31,Deductive Reasoning,Textual,b,b,36.11157,NOT_COGNITIVE_EFFORT
NewMedia24,USER_31,Verbal Reasoning,Textual,b,b,64.42511,NOT_COGNITIVE_EFFORT
NewMedia7,USER_31,Diagrammatic Reasoning,Graphical,b,a,25.55225,COGNITIVE_EFFORT
NewMedia3,USER_31,Critical Thinking,Textual,a,b,30.48413,COGNITIVE_EFFORT
NewMedia14,USER_31,Logical Reasoning,Graphical,a,a,42.62903,NOT_COGNITIVE_EFFORT
NewMedia8,USER_31,Diagrammatic Reasoning,Graphical,c,c,26.04321,NOT_COGNITIVE_EFFORT
NewMedia15,USER_31,Logical Reasoning,Graphical,c,d,48.97888,COGNITIVE_EFFORT
NewMedia4,USER_32,Deductive Reasoning,Textual,a,a,73.18698,COGNITIVE_EFFORT
NewMedia10,USER_32,Inductive Reasoning,Graphical,d,b,87.57474,COGNITIVE_EFFORT
NewMedia13,USER_32,Logical Reasoning,Graphical,d,d,52.83719,NOT_COGNITIVE_EFFORT
NewMedia15,USER_32,Logical Reasoning,Graphical,c,c,51.80554,COGNITIVE_EFFORT
NewMedia6,USER_32,Deductive Reasoning,Textual,a,a,120.34991,COGNITIVE_EFFORT
NewMedia17,USER_32,Mechanical Reasoning,Graphical,b,b,45.65607,COGNITIVE_EFFORT
NewMedia20,USER_32,Spatial Reasoning,Graphical,c,c,59.48718,COGNITIVE_EFFORT
NewMedia19,USER_32,Spatial Reasoning,Graphical,b,d,45.30988,COGNITIVE_EFFORT
NewMedia14,USER_32,Logical Reasoning,Graphical,a,a,53.24567,NOT_COGNITIVE_EFFORT
NewMedia9,USER_32,Diagrammatic Reasoning,Graphical,b,b,104.8905,COGNITIVE_EFFORT
NewMedia21,USER_32,Spatial Reasoning,Graphical,b,b,81.68103,COGNITIVE_EFFORT
NewMedia11,USER_32,Inductive Reasoning,Graphical,b,b,51.698,NOT_COGNITIVE_EFFORT
NewMedia8,USER_32,Diagrammatic Reasoning,Graphical,c,c,129.03796,COGNITIVE_EFFORT
NewMedia22,USER_32,Verbal Reasoning,Textual,d,d,98.5675,COGNITIVE_EFFORT
NewMedia12,USER_32,Inductive Reasoning,Graphical,d,d,30.08875,COGNITIVE_EFFORT
NewMedia5,USER_32,Deductive Reasoning,Textual,b,b,55.90416999999999,NOT_COGNITIVE_EFFORT
NewMedia16,USER_32,Mechanical Reasoning,Graphical,b,b,16.759520000000002,NOT_COGNITIVE_EFFORT
NewMedia24,USER_32,Verbal Reasoning,Textual,b,b,122.70813,COGNITIVE_EFFORT
NewMedia23,USER_32,Verbal Reasoning,Textual,d,d,142.76282,COGNITIVE_EFFORT
NewMedia1,USER_32,Critical Thinking,Textual,b,a,52.67627,COGNITIVE_EFFORT
NewMedia3,USER_32,Critical Thinking,Textual,a,a,63.23352,COGNITIVE_EFFORT
NewMedia2,USER_32,Critical Thinking,Textual,a,b,77.58044,COGNITIVE_EFFORT
NewMedia7,USER_32,Diagrammatic Reasoning,Graphical,b,b,38.14734,NOT_COGNITIVE_EFFORT
NewMedia18,USER_32,Mechanical Reasoning,Graphical,a,b,75.47095,COGNITIVE_EFFORT
NewMedia4,USER_33,Deductive Reasoning,Textual,a,a,134.64453,COGNITIVE_EFFORT
NewMedia8,USER_33,Diagrammatic Reasoning,Graphical,c,b,119.92139,COGNITIVE_EFFORT
NewMedia24,USER_33,Verbal Reasoning,Textual,b,b,75.3501,NOT_COGNITIVE_EFFORT
NewMedia3,USER_33,Critical Thinking,Textual,a,a,35.51538,NOT_COGNITIVE_EFFORT
NewMedia16,USER_33,Mechanical Reasoning,Graphical,b,b,20.99268,COGNITIVE_EFFORT
NewMedia9,USER_33,Diagrammatic Reasoning,Graphical,b,b,36.90796,NOT_COGNITIVE_EFFORT
NewMedia23,USER_33,Verbal Reasoning,Textual,d,d,145.62305,COGNITIVE_EFFORT
NewMedia20,USER_33,Spatial Reasoning,Graphical,c,c,35.70239,NOT_COGNITIVE_EFFORT
NewMedia21,USER_33,Spatial Reasoning,Graphical,b,b,37.80615,NOT_COGNITIVE_EFFORT
NewMedia19,USER_33,Spatial Reasoning,Graphical,b,b,44.47119,NOT_COGNITIVE_EFFORT
NewMedia1,USER_33,Critical Thinking,Textual,b,b,48.33545,NOT_COGNITIVE_EFFORT
NewMedia11,USER_33,Inductive Reasoning,Graphical,b,c,133.78638,COGNITIVE_EFFORT
NewMedia17,USER_33,Mechanical Reasoning,Graphical,b,b,30.08301,COGNITIVE_EFFORT
NewMedia18,USER_33,Mechanical Reasoning,Graphical,a,a,170.92261000000005,COGNITIVE_EFFORT
NewMedia13,USER_33,Logical Reasoning,Graphical,d,d,48.33545,NOT_COGNITIVE_EFFORT
NewMedia2,USER_33,Critical Thinking,Textual,a,a,17.65674,
NewMedia10,USER_33,Inductive Reasoning,Graphical,d,a,90.65503,COGNITIVE_EFFORT
NewMedia6,USER_33,Deductive Reasoning,Textual,a,a,94.06494,COGNITIVE_EFFORT
NewMedia14,USER_33,Logical Reasoning,Graphical,a,a,74.7124,COGNITIVE_EFFORT
NewMedia7,USER_33,Diagrammatic Reasoning,Graphical,b,b,193.91797,COGNITIVE_EFFORT
NewMedia15,USER_33,Logical Reasoning,Graphical,c,c,34.69727,NOT_COGNITIVE_EFFORT
NewMedia22,USER_33,Verbal Reasoning,Textual,d,d,51.16943,NOT_COGNITIVE_EFFORT
NewMedia12,USER_33,Inductive Reasoning,Graphical,d,d,20.9917,NOT_COGNITIVE_EFFORT
NewMedia5,USER_33,Deductive Reasoning,Textual,b,b,71.6792,COGNITIVE_EFFORT
NewMedia8,USER_34,Diagrammatic Reasoning,Graphical,c,b,46.79492,COGNITIVE_EFFORT
NewMedia15,USER_34,Logical Reasoning,Graphical,c,c,62.54297,COGNITIVE_EFFORT
NewMedia23,USER_34,Verbal Reasoning,Textual,d,d,91.90918,NOT_COGNITIVE_EFFORT
NewMedia22,USER_34,Verbal Reasoning,Textual,d,b,95.40576,COGNITIVE_EFFORT
NewMedia2,USER_34,Critical Thinking,Textual,a,a,28.0127,NOT_COGNITIVE_EFFORT
NewMedia10,USER_34,Inductive Reasoning,Graphical,d,b,51.71875,COGNITIVE_EFFORT
NewMedia24,USER_34,Verbal Reasoning,Textual,b,b,53.86963000000001,NOT_COGNITIVE_EFFORT
NewMedia6,USER_34,Deductive Reasoning,Textual,a,a,82.20752,NOT_COGNITIVE_EFFORT
NewMedia20,USER_34,Spatial Reasoning,Graphical,c,c,32.62793,NOT_COGNITIVE_EFFORT
NewMedia11,USER_34,Inductive Reasoning,Graphical,b,b,31.91797,NOT_COGNITIVE_EFFORT
NewMedia9,USER_34,Diagrammatic Reasoning,Graphical,b,b,42.87646,NOT_COGNITIVE_EFFORT
NewMedia3,USER_34,Critical Thinking,Textual,a,a,21.27393,
NewMedia4,USER_34,Deductive Reasoning,Textual,a,a,50.0166,NOT_COGNITIVE_EFFORT
NewMedia1,USER_34,Critical Thinking,Textual,b,a,42.43506,COGNITIVE_EFFORT
NewMedia17,USER_34,Mechanical Reasoning,Graphical,b,b,30.83936,COGNITIVE_EFFORT
NewMedia13,USER_34,Logical Reasoning,Graphical,d,d,27.95313,NOT_COGNITIVE_EFFORT
NewMedia7,USER_34,Diagrammatic Reasoning,Graphical,b,b,33.8335,NOT_COGNITIVE_EFFORT
NewMedia19,USER_34,Spatial Reasoning,Graphical,b,b,22.05713,NOT_COGNITIVE_EFFORT
NewMedia5,USER_34,Deductive Reasoning,Textual,b,b,41.12793,NOT_COGNITIVE_EFFORT
NewMedia21,USER_34,Spatial Reasoning,Graphical,b,b,51.25684,COGNITIVE_EFFORT
NewMedia12,USER_34,Inductive Reasoning,Graphical,d,d,15.78711,NOT_COGNITIVE_EFFORT
NewMedia18,USER_34,Mechanical Reasoning,Graphical,a,a,23.16309,NOT_COGNITIVE_EFFORT
NewMedia16,USER_34,Mechanical Reasoning,Graphical,b,b,11.56152,NOT_COGNITIVE_EFFORT
NewMedia14,USER_34,Logical Reasoning,Graphical,a,a,36.39258,NOT_COGNITIVE_EFFORT
NewMedia5,USER_35,Deductive Reasoning,Textual,b,b,61.57162,NOT_COGNITIVE_EFFORT
NewMedia11,USER_35,Inductive Reasoning,Graphical,b,c,44.63165,COGNITIVE_EFFORT
NewMedia17,USER_35,Mechanical Reasoning,Graphical,b,b,36.17169000000001,COGNITIVE_EFFORT
NewMedia20,USER_35,Spatial Reasoning,Graphical,c,c,42.80365,NOT_COGNITIVE_EFFORT
NewMedia7,USER_35,Diagrammatic Reasoning,Graphical,b,a,54.16998,COGNITIVE_EFFORT
NewMedia19,USER_35,Spatial Reasoning,Graphical,b,a,14.23407,COGNITIVE_EFFORT
NewMedia12,USER_35,Inductive Reasoning,Graphical,d,d,18.38715,NOT_COGNITIVE_EFFORT
NewMedia16,USER_35,Mechanical Reasoning,Graphical,b,b,34.10889,COGNITIVE_EFFORT
NewMedia21,USER_35,Spatial Reasoning,Graphical,b,a,73.62915,COGNITIVE_EFFORT
NewMedia13,USER_35,Logical Reasoning,Graphical,d,d,61.60547,COGNITIVE_EFFORT
NewMedia9,USER_35,Diagrammatic Reasoning,Graphical,b,b,67.41272,NOT_COGNITIVE_EFFORT
NewMedia14,USER_35,Logical Reasoning,Graphical,a,b,36.43262,COGNITIVE_EFFORT
NewMedia6,USER_35,Deductive Reasoning,Textual,a,b,116.49182,COGNITIVE_EFFORT
NewMedia8,USER_35,Diagrammatic Reasoning,Graphical,c,d,30.417240000000003,COGNITIVE_EFFORT
NewMedia23,USER_35,Verbal Reasoning,Textual,d,c,110.93213,COGNITIVE_EFFORT
NewMedia4,USER_35,Deductive Reasoning,Textual,a,b,33.16406,COGNITIVE_EFFORT
NewMedia15,USER_35,Logical Reasoning,Graphical,c,a,21.88354,COGNITIVE_EFFORT
NewMedia3,USER_35,Critical Thinking,Textual,a,b,35.39453,COGNITIVE_EFFORT
NewMedia2,USER_35,Critical Thinking,Textual,a,b,44.43054,COGNITIVE_EFFORT
NewMedia10,USER_35,Inductive Reasoning,Graphical,d,a,11.54126,COGNITIVE_EFFORT
NewMedia18,USER_35,Mechanical Reasoning,Graphical,a,b,32.38062,COGNITIVE_EFFORT
NewMedia22,USER_35,Verbal Reasoning,Textual,d,a,78.87329,COGNITIVE_EFFORT
NewMedia1,USER_35,Critical Thinking,Textual,b,b,61.93311,COGNITIVE_EFFORT
NewMedia24,USER_35,Verbal Reasoning,Textual,b,b,103.45679,COGNITIVE_EFFORT
NewMedia23,USER_36,Verbal Reasoning,Textual,d,d,51.46436,
NewMedia22,USER_36,Verbal Reasoning,Textual,d,a,82.99316,COGNITIVE_EFFORT
NewMedia20,USER_36,Spatial Reasoning,Graphical,c,c,22.55347,NOT_COGNITIVE_EFFORT
NewMedia15,USER_36,Logical Reasoning,Graphical,c,c,38.02026,NOT_COGNITIVE_EFFORT
NewMedia17,USER_36,Mechanical Reasoning,Graphical,b,b,34.25586,COGNITIVE_EFFORT
NewMedia21,USER_36,Spatial Reasoning,Graphical,b,b,36.90161,NOT_COGNITIVE_EFFORT
NewMedia13,USER_36,Logical Reasoning,Graphical,d,d,31.24121,NOT_COGNITIVE_EFFORT
NewMedia2,USER_36,Critical Thinking,Textual,a,a,76.71729,COGNITIVE_EFFORT
NewMedia10,USER_36,Inductive Reasoning,Graphical,d,a,97.99121,COGNITIVE_EFFORT
NewMedia4,USER_36,Deductive Reasoning,Textual,a,a,175.53833,COGNITIVE_EFFORT
NewMedia19,USER_36,Spatial Reasoning,Graphical,b,b,59.06641,NOT_COGNITIVE_EFFORT
NewMedia11,USER_36,Inductive Reasoning,Graphical,b,b,46.73486,NOT_COGNITIVE_EFFORT
NewMedia8,USER_36,Diagrammatic Reasoning,Graphical,c,b,129.16724,COGNITIVE_EFFORT
NewMedia14,USER_36,Logical Reasoning,Graphical,a,a,57.33765,NOT_COGNITIVE_EFFORT
NewMedia16,USER_36,Mechanical Reasoning,Graphical,b,b,26.51196,COGNITIVE_EFFORT
NewMedia3,USER_36,Critical Thinking,Textual,a,a,71.97461,COGNITIVE_EFFORT
NewMedia9,USER_36,Diagrammatic Reasoning,Graphical,b,b,181.40625,COGNITIVE_EFFORT
NewMedia7,USER_36,Diagrammatic Reasoning,Graphical,b,a,94.01221,COGNITIVE_EFFORT
NewMedia6,USER_36,Deductive Reasoning,Textual,a,a,97.11279,COGNITIVE_EFFORT
NewMedia24,USER_36,Verbal Reasoning,Textual,b,b,75.87988,NOT_COGNITIVE_EFFORT
NewMedia12,USER_36,Inductive Reasoning,Graphical,d,d,48.79834,COGNITIVE_EFFORT
NewMedia18,USER_36,Mechanical Reasoning,Graphical,a,a,61.17578,COGNITIVE_EFFORT
NewMedia1,USER_36,Critical Thinking,Textual,b,a,52.97754000000001,COGNITIVE_EFFORT
NewMedia5,USER_36,Deductive Reasoning,Textual,b,b,110.88525,COGNITIVE_EFFORT
NewMedia6,USER_37,Deductive Reasoning,Textual,a,a,73.4209,NOT_COGNITIVE_EFFORT
NewMedia7,USER_37,Diagrammatic Reasoning,Graphical,b,b,173.28076,COGNITIVE_EFFORT
NewMedia4,USER_37,Deductive Reasoning,Textual,a,a,70.20557,COGNITIVE_EFFORT
NewMedia16,USER_37,Mechanical Reasoning,Graphical,b,b,31.094240000000006,COGNITIVE_EFFORT
NewMedia2,USER_37,Critical Thinking,Textual,a,a,44.53125,NOT_COGNITIVE_EFFORT
NewMedia22,USER_37,Verbal Reasoning,Textual,d,d,65.48975,NOT_COGNITIVE_EFFORT
NewMedia18,USER_37,Mechanical Reasoning,Graphical,a,a,29.50635,NOT_COGNITIVE_EFFORT
NewMedia23,USER_37,Verbal Reasoning,Textual,d,d,207.02686,COGNITIVE_EFFORT
NewMedia21,USER_37,Spatial Reasoning,Graphical,b,c,47.67285,COGNITIVE_EFFORT
NewMedia14,USER_37,Logical Reasoning,Graphical,a,d,162.1084,COGNITIVE_EFFORT
NewMedia15,USER_37,Logical Reasoning,Graphical,c,a,25.33301,COGNITIVE_EFFORT
NewMedia9,USER_37,Diagrammatic Reasoning,Graphical,b,b,76.19385,NOT_COGNITIVE_EFFORT
NewMedia12,USER_37,Inductive Reasoning,Graphical,d,d,39.54053,COGNITIVE_EFFORT
NewMedia20,USER_37,Spatial Reasoning,Graphical,c,d,103.57715,COGNITIVE_EFFORT
NewMedia13,USER_37,Logical Reasoning,Graphical,d,d,32.39307,NOT_COGNITIVE_EFFORT
NewMedia3,USER_37,Critical Thinking,Textual,a,a,60.57373000000001,COGNITIVE_EFFORT
NewMedia11,USER_37,Inductive Reasoning,Graphical,b,a,45.12598,COGNITIVE_EFFORT
NewMedia17,USER_37,Mechanical Reasoning,Graphical,b,b,50.9751,COGNITIVE_EFFORT
NewMedia5,USER_37,Deductive Reasoning,Textual,b,b,58.09473000000001,NOT_COGNITIVE_EFFORT
NewMedia24,USER_37,Verbal Reasoning,Textual,b,b,117.11475,COGNITIVE_EFFORT
NewMedia8,USER_37,Diagrammatic Reasoning,Graphical,c,b,49.62109,COGNITIVE_EFFORT
NewMedia1,USER_37,Critical Thinking,Textual,b,a,51.34961,COGNITIVE_EFFORT
NewMedia19,USER_37,Spatial Reasoning,Graphical,b,c,130.43115,COGNITIVE_EFFORT
NewMedia10,USER_37,Inductive Reasoning,Graphical,d,a,40.9165,COGNITIVE_EFFORT
NewMedia6,USER_38,Deductive Reasoning,Textual,a,a,126.24542,COGNITIVE_EFFORT
NewMedia3,USER_38,Critical Thinking,Textual,a,a,40.06287,NOT_COGNITIVE_EFFORT
NewMedia7,USER_38,Diagrammatic Reasoning,Graphical,b,a,53.95618,COGNITIVE_EFFORT
NewMedia19,USER_38,Spatial Reasoning,Graphical,b,b,40.0636,NOT_COGNITIVE_EFFORT
NewMedia20,USER_38,Spatial Reasoning,Graphical,c,c,93.34247,COGNITIVE_EFFORT
NewMedia24,USER_38,Verbal Reasoning,Textual,b,b,95.77405,COGNITIVE_EFFORT
NewMedia23,USER_38,Verbal Reasoning,Textual,d,d,136.75452,COGNITIVE_EFFORT
NewMedia18,USER_38,Mechanical Reasoning,Graphical,a,a,44.36353,NOT_COGNITIVE_EFFORT
NewMedia2,USER_38,Critical Thinking,Textual,a,a,67.42664,COGNITIVE_EFFORT
NewMedia9,USER_38,Diagrammatic Reasoning,Graphical,b,b,165.23608000000004,COGNITIVE_EFFORT
NewMedia14,USER_38,Logical Reasoning,Graphical,a,a,73.11365,COGNITIVE_EFFORT
NewMedia8,USER_38,Diagrammatic Reasoning,Graphical,c,c,79.59766,NOT_COGNITIVE_EFFORT
NewMedia15,USER_38,Logical Reasoning,Graphical,c,c,47.6593,COGNITIVE_EFFORT
NewMedia5,USER_38,Deductive Reasoning,Textual,b,a,184.13892,COGNITIVE_EFFORT
NewMedia11,USER_38,Inductive Reasoning,Graphical,b,b,76.99829,COGNITIVE_EFFORT
NewMedia13,USER_38,Logical Reasoning,Graphical,d,d,50.22461,NOT_COGNITIVE_EFFORT
NewMedia17,USER_38,Mechanical Reasoning,Graphical,b,b,47.4917,COGNITIVE_EFFORT
NewMedia4,USER_38,Deductive Reasoning,Textual,a,a,103.34961,COGNITIVE_EFFORT
NewMedia1,USER_38,Critical Thinking,Textual,b,a,62.98486,COGNITIVE_EFFORT
NewMedia16,USER_38,Mechanical Reasoning,Graphical,b,b,14.61572,NOT_COGNITIVE_EFFORT
NewMedia10,USER_38,Inductive Reasoning,Graphical,d,a,78.60645,COGNITIVE_EFFORT
NewMedia21,USER_38,Spatial Reasoning,Graphical,b,b,23.68506,NOT_COGNITIVE_EFFORT
NewMedia12,USER_38,Inductive Reasoning,Graphical,d,c,32.53418,COGNITIVE_EFFORT
NewMedia22,USER_38,Verbal Reasoning,Textual,d,d,151.71875,COGNITIVE_EFFORT
NewMedia18,USER_39,Mechanical Reasoning,Graphical,a,a,22.92847,NOT_COGNITIVE_EFFORT
NewMedia22,USER_39,Verbal Reasoning,Textual,d,c,47.99414,COGNITIVE_EFFORT
NewMedia5,USER_39,Deductive Reasoning,Textual,b,a,77.44019,COGNITIVE_EFFORT
NewMedia16,USER_39,Mechanical Reasoning,Graphical,b,b,17.23535,NOT_COGNITIVE_EFFORT
NewMedia2,USER_39,Critical Thinking,Textual,a,a,52.85034,COGNITIVE_EFFORT
NewMedia11,USER_39,Inductive Reasoning,Graphical,b,b,19.55273,NOT_COGNITIVE_EFFORT
NewMedia21,USER_39,Spatial Reasoning,Graphical,b,b,28.63574,NOT_COGNITIVE_EFFORT
NewMedia4,USER_39,Deductive Reasoning,Textual,a,a,49.67578,NOT_COGNITIVE_EFFORT
NewMedia24,USER_39,Verbal Reasoning,Textual,b,b,95.02393,COGNITIVE_EFFORT
NewMedia6,USER_39,Deductive Reasoning,Textual,a,a,94.16553,COGNITIVE_EFFORT
NewMedia10,USER_39,Inductive Reasoning,Graphical,d,a,66.30664,COGNITIVE_EFFORT
NewMedia1,USER_39,Critical Thinking,Textual,b,a,64.25780999999999,COGNITIVE_EFFORT
NewMedia14,USER_39,Logical Reasoning,Graphical,a,a,44.37012,NOT_COGNITIVE_EFFORT
NewMedia13,USER_39,Logical Reasoning,Graphical,d,d,76.22754,COGNITIVE_EFFORT
NewMedia7,USER_39,Diagrammatic Reasoning,Graphical,b,b,100.71045,COGNITIVE_EFFORT
NewMedia19,USER_39,Spatial Reasoning,Graphical,b,b,27.90527,NOT_COGNITIVE_EFFORT
NewMedia3,USER_39,Critical Thinking,Textual,a,b,33.98438,COGNITIVE_EFFORT
NewMedia8,USER_39,Diagrammatic Reasoning,Graphical,c,c,48.78076,NOT_COGNITIVE_EFFORT
NewMedia17,USER_39,Mechanical Reasoning,Graphical,b,b,14.93066,NOT_COGNITIVE_EFFORT
NewMedia15,USER_39,Logical Reasoning,Graphical,c,c,44.24316,COGNITIVE_EFFORT
NewMedia20,USER_39,Spatial Reasoning,Graphical,c,c,25.06494,NOT_COGNITIVE_EFFORT
NewMedia23,USER_39,Verbal Reasoning,Textual,d,c,91.92236,COGNITIVE_EFFORT
NewMedia12,USER_39,Inductive Reasoning,Graphical,d,d,19.28418,NOT_COGNITIVE_EFFORT
NewMedia9,USER_39,Diagrammatic Reasoning,Graphical,b,b,27.80518,
NewMedia16,USER_40,Mechanical Reasoning,Graphical,b,b,37.47864000000001,COGNITIVE_EFFORT
NewMedia15,USER_40,Logical Reasoning,Graphical,c,d,30.92761,COGNITIVE_EFFORT
NewMedia20,USER_40,Spatial Reasoning,Graphical,c,c,62.6709,COGNITIVE_EFFORT
NewMedia18,USER_40,Mechanical Reasoning,Graphical,a,a,64.35181,COGNITIVE_EFFORT
NewMedia13,USER_40,Logical Reasoning,Graphical,d,d,61.72583,COGNITIVE_EFFORT
NewMedia6,USER_40,Deductive Reasoning,Textual,a,a,84.65454,NOT_COGNITIVE_EFFORT
NewMedia23,USER_40,Verbal Reasoning,Textual,d,c,136.5874,COGNITIVE_EFFORT
NewMedia12,USER_40,Inductive Reasoning,Graphical,d,d,145.88353999999995,COGNITIVE_EFFORT
NewMedia4,USER_40,Deductive Reasoning,Textual,a,a,53.64099,NOT_COGNITIVE_EFFORT
NewMedia1,USER_40,Critical Thinking,Textual,b,a,36.64661,COGNITIVE_EFFORT
NewMedia19,USER_40,Spatial Reasoning,Graphical,b,b,92.31091,COGNITIVE_EFFORT
NewMedia22,USER_40,Verbal Reasoning,Textual,d,d,64.73206,NOT_COGNITIVE_EFFORT
NewMedia10,USER_40,Inductive Reasoning,Graphical,d,c,131.16748,COGNITIVE_EFFORT
NewMedia2,USER_40,Critical Thinking,Textual,a,a,25.84949,NOT_COGNITIVE_EFFORT
NewMedia24,USER_40,Verbal Reasoning,Textual,b,b,75.53101,NOT_COGNITIVE_EFFORT
NewMedia11,USER_40,Inductive Reasoning,Graphical,b,c,155.69727,COGNITIVE_EFFORT
NewMedia17,USER_40,Mechanical Reasoning,Graphical,b,a,50.21143,COGNITIVE_EFFORT
NewMedia5,USER_40,Deductive Reasoning,Textual,b,b,48.69067,NOT_COGNITIVE_EFFORT
NewMedia8,USER_40,Diagrammatic Reasoning,Graphical,c,c,118.64819,COGNITIVE_EFFORT
NewMedia3,USER_40,Critical Thinking,Textual,a,b,28.75635,COGNITIVE_EFFORT
NewMedia14,USER_40,Logical Reasoning,Graphical,a,a,117.2085,COGNITIVE_EFFORT
NewMedia7,USER_40,Diagrammatic Reasoning,Graphical,b,b,71.83374,COGNITIVE_EFFORT
NewMedia21,USER_40,Spatial Reasoning,Graphical,b,b,104.11328,COGNITIVE_EFFORT
NewMedia9,USER_40,Diagrammatic Reasoning,Graphical,b,b,126.29858,COGNITIVE_EFFORT
NewMedia17,USER_41,Mechanical Reasoning,Graphical,b,b,26.55933,NOT_COGNITIVE_EFFORT
NewMedia20,USER_41,Spatial Reasoning,Graphical,c,c,56.41333,COGNITIVE_EFFORT
NewMedia7,USER_41,Diagrammatic Reasoning,Graphical,b,d,65.97998,COGNITIVE_EFFORT
NewMedia10,USER_41,Inductive Reasoning,Graphical,d,a,53.88208,COGNITIVE_EFFORT
NewMedia8,USER_41,Diagrammatic Reasoning,Graphical,c,b,78.94043,COGNITIVE_EFFORT
NewMedia5,USER_41,Deductive Reasoning,Textual,b,c,64.09045,COGNITIVE_EFFORT
NewMedia2,USER_41,Critical Thinking,Textual,a,a,69.45605,COGNITIVE_EFFORT
NewMedia16,USER_41,Mechanical Reasoning,Graphical,b,b,27.35596,COGNITIVE_EFFORT
NewMedia22,USER_41,Verbal Reasoning,Textual,d,d,79.98523,NOT_COGNITIVE_EFFORT
NewMedia13,USER_41,Logical Reasoning,Graphical,d,d,52.73608,NOT_COGNITIVE_EFFORT
NewMedia6,USER_41,Deductive Reasoning,Textual,a,a,82.84619,NOT_COGNITIVE_EFFORT
NewMedia12,USER_41,Inductive Reasoning,Graphical,d,d,22.21179,NOT_COGNITIVE_EFFORT
NewMedia4,USER_41,Deductive Reasoning,Textual,a,a,27.66431,NOT_COGNITIVE_EFFORT
NewMedia24,USER_41,Verbal Reasoning,Textual,b,b,86.35583000000003,COGNITIVE_EFFORT
NewMedia18,USER_41,Mechanical Reasoning,Graphical,a,a,60.50684,COGNITIVE_EFFORT
NewMedia9,USER_41,Diagrammatic Reasoning,Graphical,b,d,115.99585,COGNITIVE_EFFORT
NewMedia19,USER_41,Spatial Reasoning,Graphical,b,a,32.80859,COGNITIVE_EFFORT
NewMedia3,USER_41,Critical Thinking,Textual,a,a,35.34131,NOT_COGNITIVE_EFFORT
NewMedia14,USER_41,Logical Reasoning,Graphical,a,c,56.44702,COGNITIVE_EFFORT
NewMedia15,USER_41,Logical Reasoning,Graphical,c,c,80.08643000000002,COGNITIVE_EFFORT
NewMedia11,USER_41,Inductive Reasoning,Graphical,b,d,64.53833,COGNITIVE_EFFORT
NewMedia21,USER_41,Spatial Reasoning,Graphical,b,b,106.90649,COGNITIVE_EFFORT
NewMedia1,USER_41,Critical Thinking,Textual,b,a,54.30396,COGNITIVE_EFFORT
NewMedia23,USER_41,Verbal Reasoning,Textual,d,d,124.20898,COGNITIVE_EFFORT
NewMedia24,USER_42,Verbal Reasoning,Textual,b,b,76.80371,NOT_COGNITIVE_EFFORT
NewMedia19,USER_42,Spatial Reasoning,Graphical,b,b,134.66406,COGNITIVE_EFFORT
NewMedia13,USER_42,Logical Reasoning,Graphical,d,d,19.37842,NOT_COGNITIVE_EFFORT
NewMedia23,USER_42,Verbal Reasoning,Textual,d,d,83.27393000000002,NOT_COGNITIVE_EFFORT
NewMedia21,USER_42,Spatial Reasoning,Graphical,b,a,40.00977,COGNITIVE_EFFORT
NewMedia5,USER_42,Deductive Reasoning,Textual,b,a,33.9873,COGNITIVE_EFFORT
NewMedia12,USER_42,Inductive Reasoning,Graphical,d,d,16.77246,NOT_COGNITIVE_EFFORT
NewMedia17,USER_42,Mechanical Reasoning,Graphical,b,b,36.52002,COGNITIVE_EFFORT
NewMedia16,USER_42,Mechanical Reasoning,Graphical,b,b,36.53271,COGNITIVE_EFFORT
NewMedia3,USER_42,Critical Thinking,Textual,a,b,60.33203,COGNITIVE_EFFORT
NewMedia4,USER_42,Deductive Reasoning,Textual,a,a,36.94287,NOT_COGNITIVE_EFFORT
NewMedia20,USER_42,Spatial Reasoning,Graphical,c,c,77.21289,COGNITIVE_EFFORT
NewMedia1,USER_42,Critical Thinking,Textual,b,b,54.42383,NOT_COGNITIVE_EFFORT
NewMedia8,USER_42,Diagrammatic Reasoning,Graphical,c,b,90.46143,COGNITIVE_EFFORT
NewMedia10,USER_42,Inductive Reasoning,Graphical,d,b,35.15967,COGNITIVE_EFFORT
NewMedia11,USER_42,Inductive Reasoning,Graphical,b,b,34.57666,NOT_COGNITIVE_EFFORT
NewMedia9,USER_42,Diagrammatic Reasoning,Graphical,b,a,42.36768,COGNITIVE_EFFORT
NewMedia15,USER_42,Logical Reasoning,Graphical,c,c,28.03271,NOT_COGNITIVE_EFFORT
NewMedia14,USER_42,Logical Reasoning,Graphical,a,a,54.16943000000001,NOT_COGNITIVE_EFFORT
NewMedia7,USER_42,Diagrammatic Reasoning,Graphical,b,b,30.8667,NOT_COGNITIVE_EFFORT
NewMedia2,USER_42,Critical Thinking,Textual,a,b,44.14844,COGNITIVE_EFFORT
NewMedia22,USER_42,Verbal Reasoning,Textual,d,d,60.57324000000001,NOT_COGNITIVE_EFFORT
NewMedia18,USER_42,Mechanical Reasoning,Graphical,a,b,66.83008000000001,COGNITIVE_EFFORT
NewMedia6,USER_42,Deductive Reasoning,Textual,a,b,36.47266,COGNITIVE_EFFORT
NewMedia9,USER_43,Diagrammatic Reasoning,Graphical,b,b,68.35070999999999,NOT_COGNITIVE_EFFORT
NewMedia17,USER_43,Mechanical Reasoning,Graphical,b,b,18.41382,NOT_COGNITIVE_EFFORT
NewMedia15,USER_43,Logical Reasoning,Graphical,c,c,44.85266,COGNITIVE_EFFORT
NewMedia4,USER_43,Deductive Reasoning,Textual,a,a,67.52026,COGNITIVE_EFFORT
NewMedia1,USER_43,Critical Thinking,Textual,b,b,85.09009,COGNITIVE_EFFORT
NewMedia7,USER_43,Diagrammatic Reasoning,Graphical,b,b,29.54675,NOT_COGNITIVE_EFFORT
NewMedia10,USER_43,Inductive Reasoning,Graphical,d,a,12.30518,COGNITIVE_EFFORT
NewMedia8,USER_43,Diagrammatic Reasoning,Graphical,c,c,51.25574,NOT_COGNITIVE_EFFORT
NewMedia13,USER_43,Logical Reasoning,Graphical,d,d,36.47266,NOT_COGNITIVE_EFFORT
NewMedia21,USER_43,Spatial Reasoning,Graphical,b,b,44.77222,NOT_COGNITIVE_EFFORT
NewMedia11,USER_43,Inductive Reasoning,Graphical,b,b,55.11426,NOT_COGNITIVE_EFFORT
NewMedia12,USER_43,Inductive Reasoning,Graphical,d,d,25.80237,NOT_COGNITIVE_EFFORT
NewMedia23,USER_43,Verbal Reasoning,Textual,d,c,111.81653,COGNITIVE_EFFORT
NewMedia2,USER_43,Critical Thinking,Textual,a,b,45.66321,COGNITIVE_EFFORT
NewMedia5,USER_43,Deductive Reasoning,Textual,b,b,63.13306,NOT_COGNITIVE_EFFORT
NewMedia18,USER_43,Mechanical Reasoning,Graphical,a,a,24.17407,NOT_COGNITIVE_EFFORT
NewMedia3,USER_43,Critical Thinking,Textual,a,b,52.61597,COGNITIVE_EFFORT
NewMedia24,USER_43,Verbal Reasoning,Textual,b,b,78.78052,NOT_COGNITIVE_EFFORT
NewMedia19,USER_43,Spatial Reasoning,Graphical,b,b,34.05493,NOT_COGNITIVE_EFFORT
NewMedia6,USER_43,Deductive Reasoning,Textual,a,c,73.12573,COGNITIVE_EFFORT
NewMedia22,USER_43,Verbal Reasoning,Textual,d,d,134.32324,COGNITIVE_EFFORT
NewMedia14,USER_43,Logical Reasoning,Graphical,a,a,116.21094,COGNITIVE_EFFORT
NewMedia16,USER_43,Mechanical Reasoning,Graphical,b,b,7.8042,NOT_COGNITIVE_EFFORT
NewMedia20,USER_43,Spatial Reasoning,Graphical,c,c,51.57739,NOT_COGNITIVE_EFFORT
NewMedia1,USER_44,Critical Thinking,Textual,b,a,77.47412,COGNITIVE_EFFORT
NewMedia23,USER_44,Verbal Reasoning,Textual,d,d,151.21704,COGNITIVE_EFFORT
NewMedia16,USER_44,Mechanical Reasoning,Graphical,b,b,25.25879,COGNITIVE_EFFORT
NewMedia3,USER_44,Critical Thinking,Textual,a,a,67.09155,COGNITIVE_EFFORT
NewMedia6,USER_44,Deductive Reasoning,Textual,a,a,127.15576,COGNITIVE_EFFORT
NewMedia18,USER_44,Mechanical Reasoning,Graphical,a,a,58.63135,COGNITIVE_EFFORT
NewMedia5,USER_44,Deductive Reasoning,Textual,b,b,67.64135999999999,COGNITIVE_EFFORT
NewMedia22,USER_44,Verbal Reasoning,Textual,d,d,159.74414,COGNITIVE_EFFORT
NewMedia14,USER_44,Logical Reasoning,Graphical,a,a,83.07373,COGNITIVE_EFFORT
NewMedia7,USER_44,Diagrammatic Reasoning,Graphical,b,a,139.74951,COGNITIVE_EFFORT
NewMedia15,USER_44,Logical Reasoning,Graphical,c,c,35.72876,NOT_COGNITIVE_EFFORT
NewMedia20,USER_44,Spatial Reasoning,Graphical,c,c,43.60693,NOT_COGNITIVE_EFFORT
NewMedia9,USER_44,Diagrammatic Reasoning,Graphical,b,b,62.06104000000001,NOT_COGNITIVE_EFFORT
NewMedia12,USER_44,Inductive Reasoning,Graphical,d,d,34.0415,COGNITIVE_EFFORT
NewMedia4,USER_44,Deductive Reasoning,Textual,a,a,70.09229,COGNITIVE_EFFORT
NewMedia2,USER_44,Critical Thinking,Textual,a,a,28.23389,NOT_COGNITIVE_EFFORT
NewMedia13,USER_44,Logical Reasoning,Graphical,d,d,20.79199,NOT_COGNITIVE_EFFORT
NewMedia19,USER_44,Spatial Reasoning,Graphical,b,b,34.20215,NOT_COGNITIVE_EFFORT
NewMedia21,USER_44,Spatial Reasoning,Graphical,b,b,23.58545,NOT_COGNITIVE_EFFORT
NewMedia10,USER_44,Inductive Reasoning,Graphical,d,d,69.22754,COGNITIVE_EFFORT
NewMedia24,USER_44,Verbal Reasoning,Textual,b,b,99.95459,COGNITIVE_EFFORT
NewMedia8,USER_44,Diagrammatic Reasoning,Graphical,c,c,46.54004000000001,NOT_COGNITIVE_EFFORT
NewMedia11,USER_44,Inductive Reasoning,Graphical,b,b,56.05957,NOT_COGNITIVE_EFFORT
NewMedia17,USER_44,Mechanical Reasoning,Graphical,b,b,17.5498,NOT_COGNITIVE_EFFORT
NewMedia12,USER_45,Inductive Reasoning,Graphical,d,b,18.4342,COGNITIVE_EFFORT
NewMedia20,USER_45,Spatial Reasoning,Graphical,c,c,40.84729,NOT_COGNITIVE_EFFORT
NewMedia15,USER_45,Logical Reasoning,Graphical,c,d,36.47253,COGNITIVE_EFFORT
NewMedia2,USER_45,Critical Thinking,Textual,a,a,42.07324000000001,NOT_COGNITIVE_EFFORT
NewMedia4,USER_45,Deductive Reasoning,Textual,a,a,67.32593,COGNITIVE_EFFORT
NewMedia24,USER_45,Verbal Reasoning,Textual,b,b,110.57715,COGNITIVE_EFFORT
NewMedia17,USER_45,Mechanical Reasoning,Graphical,b,c,51.79248,COGNITIVE_EFFORT
NewMedia14,USER_45,Logical Reasoning,Graphical,a,a,65.81262,COGNITIVE_EFFORT
NewMedia19,USER_45,Spatial Reasoning,Graphical,b,b,80.33459,COGNITIVE_EFFORT
NewMedia16,USER_45,Mechanical Reasoning,Graphical,b,c,32.34644,COGNITIVE_EFFORT
NewMedia13,USER_45,Logical Reasoning,Graphical,d,d,29.43298,NOT_COGNITIVE_EFFORT
NewMedia8,USER_45,Diagrammatic Reasoning,Graphical,c,b,74.50635,COGNITIVE_EFFORT
NewMedia22,USER_45,Verbal Reasoning,Textual,d,d,69.98546999999999,NOT_COGNITIVE_EFFORT
NewMedia6,USER_45,Deductive Reasoning,Textual,a,a,140.01038,COGNITIVE_EFFORT
NewMedia23,USER_45,Verbal Reasoning,Textual,d,d,111.34119,NOT_COGNITIVE_EFFORT
NewMedia3,USER_45,Critical Thinking,Textual,a,a,33.78625,NOT_COGNITIVE_EFFORT
NewMedia9,USER_45,Diagrammatic Reasoning,Graphical,b,d,35.52148,COGNITIVE_EFFORT
NewMedia18,USER_45,Mechanical Reasoning,Graphical,a,b,97.63672,COGNITIVE_EFFORT
NewMedia10,USER_45,Inductive Reasoning,Graphical,d,a,15.822020000000002,COGNITIVE_EFFORT
NewMedia1,USER_45,Critical Thinking,Textual,b,a,51.5708,COGNITIVE_EFFORT
NewMedia11,USER_45,Inductive Reasoning,Graphical,b,c,63.33398,COGNITIVE_EFFORT
NewMedia7,USER_45,Diagrammatic Reasoning,Graphical,b,b,24.7771,NOT_COGNITIVE_EFFORT
NewMedia5,USER_45,Deductive Reasoning,Textual,b,b,39.69556,NOT_COGNITIVE_EFFORT
NewMedia21,USER_45,Spatial Reasoning,Graphical,b,b,57.11694,COGNITIVE_EFFORT
NewMedia7,USER_46,Diagrammatic Reasoning,Graphical,b,b,87.54845999999998,COGNITIVE_EFFORT
NewMedia24,USER_46,Verbal Reasoning,Textual,b,b,72.11475,NOT_COGNITIVE_EFFORT
NewMedia11,USER_46,Inductive Reasoning,Graphical,b,b,166.24841,COGNITIVE_EFFORT
NewMedia22,USER_46,Verbal Reasoning,Textual,d,d,86.76477,NOT_COGNITIVE_EFFORT
NewMedia13,USER_46,Logical Reasoning,Graphical,d,d,86.95227,COGNITIVE_EFFORT
NewMedia1,USER_46,Critical Thinking,Textual,b,a,68.51831,COGNITIVE_EFFORT
NewMedia2,USER_46,Critical Thinking,Textual,a,a,91.33948,COGNITIVE_EFFORT
NewMedia20,USER_46,Spatial Reasoning,Graphical,c,c,71.17798,COGNITIVE_EFFORT
NewMedia4,USER_46,Deductive Reasoning,Textual,a,a,88.24486999999998,COGNITIVE_EFFORT
NewMedia12,USER_46,Inductive Reasoning,Graphical,d,d,19.646,NOT_COGNITIVE_EFFORT
NewMedia10,USER_46,Inductive Reasoning,Graphical,d,a,49.86304000000001,COGNITIVE_EFFORT
NewMedia19,USER_46,Spatial Reasoning,Graphical,b,b,158.25708,COGNITIVE_EFFORT
NewMedia8,USER_46,Diagrammatic Reasoning,Graphical,c,c,131.5437,COGNITIVE_EFFORT
NewMedia23,USER_46,Verbal Reasoning,Textual,d,c,101.43457,COGNITIVE_EFFORT
NewMedia15,USER_46,Logical Reasoning,Graphical,c,c,59.15381,COGNITIVE_EFFORT
NewMedia21,USER_46,Spatial Reasoning,Graphical,b,b,169.33667,COGNITIVE_EFFORT
NewMedia16,USER_46,Mechanical Reasoning,Graphical,b,b,31.79077,COGNITIVE_EFFORT
NewMedia3,USER_46,Critical Thinking,Textual,a,a,30.42383,NOT_COGNITIVE_EFFORT
NewMedia6,USER_46,Deductive Reasoning,Textual,a,a,114.07471,COGNITIVE_EFFORT
NewMedia17,USER_46,Mechanical Reasoning,Graphical,b,b,30.33008,COGNITIVE_EFFORT
NewMedia14,USER_46,Logical Reasoning,Graphical,a,a,67.44678,COGNITIVE_EFFORT
NewMedia5,USER_46,Deductive Reasoning,Textual,b,b,67.90845,COGNITIVE_EFFORT
NewMedia9,USER_46,Diagrammatic Reasoning,Graphical,b,b,93.50342,COGNITIVE_EFFORT
NewMedia18,USER_46,Mechanical Reasoning,Graphical,a,a,160.62842,COGNITIVE_EFFORT
NewMedia13,USER_47,Logical Reasoning,Graphical,d,d,26.33846,NOT_COGNITIVE_EFFORT
NewMedia4,USER_47,Deductive Reasoning,Textual,a,c,54.77319,COGNITIVE_EFFORT
NewMedia3,USER_47,Critical Thinking,Textual,a,a,34.336290000000005,NOT_COGNITIVE_EFFORT
NewMedia9,USER_47,Diagrammatic Reasoning,Graphical,b,a,54.22436999999999,COGNITIVE_EFFORT
NewMedia11,USER_47,Inductive Reasoning,Graphical,b,b,25.7619,NOT_COGNITIVE_EFFORT
NewMedia6,USER_47,Deductive Reasoning,Textual,a,a,49.43475,NOT_COGNITIVE_EFFORT
NewMedia1,USER_47,Critical Thinking,Textual,b,a,65.61801,COGNITIVE_EFFORT
NewMedia10,USER_47,Inductive Reasoning,Graphical,d,b,21.200470000000006,COGNITIVE_EFFORT
NewMedia2,USER_47,Critical Thinking,Textual,a,a,32.011720000000004,NOT_COGNITIVE_EFFORT
NewMedia24,USER_47,Verbal Reasoning,Textual,b,b,69.12146,NOT_COGNITIVE_EFFORT
NewMedia16,USER_47,Mechanical Reasoning,Graphical,b,b,12.72687,NOT_COGNITIVE_EFFORT
NewMedia8,USER_47,Diagrammatic Reasoning,Graphical,c,c,90.19452,COGNITIVE_EFFORT
NewMedia14,USER_47,Logical Reasoning,Graphical,a,a,51.5506,NOT_COGNITIVE_EFFORT
NewMedia19,USER_47,Spatial Reasoning,Graphical,b,b,25.10565,NOT_COGNITIVE_EFFORT
NewMedia12,USER_47,Inductive Reasoning,Graphical,d,d,16.853270000000002,NOT_COGNITIVE_EFFORT
NewMedia15,USER_47,Logical Reasoning,Graphical,c,a,18.17957,COGNITIVE_EFFORT
NewMedia17,USER_47,Mechanical Reasoning,Graphical,b,b,22.73358,NOT_COGNITIVE_EFFORT
NewMedia22,USER_47,Verbal Reasoning,Textual,d,d,61.71069,NOT_COGNITIVE_EFFORT
NewMedia7,USER_47,Diagrammatic Reasoning,Graphical,b,b,26.22437,NOT_COGNITIVE_EFFORT
NewMedia5,USER_47,Deductive Reasoning,Textual,b,b,56.42761,NOT_COGNITIVE_EFFORT
NewMedia20,USER_47,Spatial Reasoning,Graphical,c,c,55.0611,COGNITIVE_EFFORT
NewMedia21,USER_47,Spatial Reasoning,Graphical,b,b,13.95276,NOT_COGNITIVE_EFFORT
NewMedia18,USER_47,Mechanical Reasoning,Graphical,a,c,29.69397,COGNITIVE_EFFORT
NewMedia23,USER_47,Verbal Reasoning,Textual,d,c,37.90588,COGNITIVE_EFFORT
NewMedia20,USER_48,Spatial Reasoning,Graphical,c,c,28.40088,NOT_COGNITIVE_EFFORT
NewMedia22,USER_48,Verbal Reasoning,Textual,d,d,77.78174,NOT_COGNITIVE_EFFORT
NewMedia7,USER_48,Diagrammatic Reasoning,Graphical,b,b,85.27734,COGNITIVE_EFFORT
NewMedia23,USER_48,Verbal Reasoning,Textual,d,a,160.83545,COGNITIVE_EFFORT
NewMedia18,USER_48,Mechanical Reasoning,Graphical,a,a,80.81641,COGNITIVE_EFFORT
NewMedia6,USER_48,Deductive Reasoning,Textual,a,a,118.58203,COGNITIVE_EFFORT
NewMedia19,USER_48,Spatial Reasoning,Graphical,b,b,47.70605,NOT_COGNITIVE_EFFORT
NewMedia14,USER_48,Logical Reasoning,Graphical,a,a,46.22559,NOT_COGNITIVE_EFFORT
NewMedia9,USER_48,Diagrammatic Reasoning,Graphical,b,a,99.16357,COGNITIVE_EFFORT
NewMedia15,USER_48,Logical Reasoning,Graphical,c,a,47.85352,COGNITIVE_EFFORT
NewMedia1,USER_48,Critical Thinking,Textual,b,a,54.9873,COGNITIVE_EFFORT
NewMedia11,USER_48,Inductive Reasoning,Graphical,b,b,37.41699000000001,NOT_COGNITIVE_EFFORT
NewMedia2,USER_48,Critical Thinking,Textual,a,b,40.37842,COGNITIVE_EFFORT
NewMedia3,USER_48,Critical Thinking,Textual,a,b,28.11328,COGNITIVE_EFFORT
NewMedia21,USER_48,Spatial Reasoning,Graphical,b,b,62.3623,COGNITIVE_EFFORT
NewMedia13,USER_48,Logical Reasoning,Graphical,d,d,94.60205,COGNITIVE_EFFORT
NewMedia16,USER_48,Mechanical Reasoning,Graphical,b,b,19.39795,NOT_COGNITIVE_EFFORT
NewMedia12,USER_48,Inductive Reasoning,Graphical,d,d,12.99512,NOT_COGNITIVE_EFFORT
NewMedia8,USER_48,Diagrammatic Reasoning,Graphical,c,c,59.9375,NOT_COGNITIVE_EFFORT
NewMedia17,USER_48,Mechanical Reasoning,Graphical,b,b,23.19678,NOT_COGNITIVE_EFFORT
NewMedia24,USER_48,Verbal Reasoning,Textual,b,b,99.63867,COGNITIVE_EFFORT
NewMedia5,USER_48,Deductive Reasoning,Textual,b,a,61.81981999999999,COGNITIVE_EFFORT
NewMedia4,USER_48,Deductive Reasoning,Textual,a,a,19.82764,NOT_COGNITIVE_EFFORT
NewMedia10,USER_48,Inductive Reasoning,Graphical,d,a,53.27246,COGNITIVE_EFFORT
NewMedia4,USER_49,Deductive Reasoning,Textual,a,a,84.33249,COGNITIVE_EFFORT
NewMedia23,USER_49,Verbal Reasoning,Textual,d,c,102.7261,COGNITIVE_EFFORT
NewMedia6,USER_49,Deductive Reasoning,Textual,a,a,138.94433999999998,COGNITIVE_EFFORT
NewMedia17,USER_49,Mechanical Reasoning,Graphical,b,b,25.94269,NOT_COGNITIVE_EFFORT
NewMedia9,USER_49,Diagrammatic Reasoning,Graphical,b,b,73.32025,NOT_COGNITIVE_EFFORT
NewMedia1,USER_49,Critical Thinking,Textual,b,b,61.12933,COGNITIVE_EFFORT
NewMedia2,USER_49,Critical Thinking,Textual,a,a,67.01703,COGNITIVE_EFFORT
NewMedia8,USER_49,Diagrammatic Reasoning,Graphical,c,c,110.0874,COGNITIVE_EFFORT
NewMedia20,USER_49,Spatial Reasoning,Graphical,c,c,33.25073,NOT_COGNITIVE_EFFORT
NewMedia16,USER_49,Mechanical Reasoning,Graphical,b,b,21.15314,COGNITIVE_EFFORT
NewMedia18,USER_49,Mechanical Reasoning,Graphical,a,a,110.4494,COGNITIVE_EFFORT
NewMedia21,USER_49,Spatial Reasoning,Graphical,b,a,19.36499,COGNITIVE_EFFORT
NewMedia3,USER_49,Critical Thinking,Textual,a,a,125.13928,COGNITIVE_EFFORT
NewMedia7,USER_49,Diagrammatic Reasoning,Graphical,b,b,21.52832,NOT_COGNITIVE_EFFORT
NewMedia14,USER_49,Logical Reasoning,Graphical,a,b,111.95007,COGNITIVE_EFFORT
NewMedia5,USER_49,Deductive Reasoning,Textual,b,b,32.72827,NOT_COGNITIVE_EFFORT
NewMedia15,USER_49,Logical Reasoning,Graphical,c,c,46.25867,COGNITIVE_EFFORT
NewMedia12,USER_49,Inductive Reasoning,Graphical,d,d,16.35718,NOT_COGNITIVE_EFFORT
NewMedia24,USER_49,Verbal Reasoning,Textual,b,b,61.62524000000001,NOT_COGNITIVE_EFFORT
NewMedia11,USER_49,Inductive Reasoning,Graphical,b,b,50.90088,NOT_COGNITIVE_EFFORT
NewMedia19,USER_49,Spatial Reasoning,Graphical,b,c,33.69971,COGNITIVE_EFFORT
NewMedia10,USER_49,Inductive Reasoning,Graphical,d,b,17.83069,COGNITIVE_EFFORT
NewMedia13,USER_49,Logical Reasoning,Graphical,d,d,29.15112,NOT_COGNITIVE_EFFORT
NewMedia22,USER_49,Verbal Reasoning,Textual,d,d,64.71276999999999,NOT_COGNITIVE_EFFORT
NewMedia18,USER_50,Mechanical Reasoning,Graphical,a,c,33.02304,COGNITIVE_EFFORT
NewMedia3,USER_50,Critical Thinking,Textual,a,b,33.679320000000004,COGNITIVE_EFFORT
NewMedia4,USER_50,Deductive Reasoning,Textual,a,a,54.42406999999999,NOT_COGNITIVE_EFFORT
NewMedia5,USER_50,Deductive Reasoning,Textual,b,b,3.58954,
NewMedia7,USER_50,Diagrammatic Reasoning,Graphical,b,m,79.51616999999997,COGNITIVE_EFFORT
NewMedia9,USER_50,Diagrammatic Reasoning,Graphical,b,c,69.05988,COGNITIVE_EFFORT
NewMedia22,USER_50,Verbal Reasoning,Textual,d,a,113.31665,COGNITIVE_EFFORT
NewMedia17,USER_50,Mechanical Reasoning,Graphical,b,b,60.36469,COGNITIVE_EFFORT
NewMedia6,USER_50,Deductive Reasoning,Textual,a,a,110.51636,COGNITIVE_EFFORT
NewMedia13,USER_50,Logical Reasoning,Graphical,d,d,70.57361,COGNITIVE_EFFORT
NewMedia2,USER_50,Critical Thinking,Textual,a,b,50.41223,COGNITIVE_EFFORT
NewMedia10,USER_50,Inductive Reasoning,Graphical,d,c,101.63391,COGNITIVE_EFFORT
NewMedia21,USER_50,Spatial Reasoning,Graphical,b,b,40.71924,NOT_COGNITIVE_EFFORT
NewMedia14,USER_50,Logical Reasoning,Graphical,a,a,122.93481,COGNITIVE_EFFORT
NewMedia23,USER_50,Verbal Reasoning,Textual,d,d,120.10815,COGNITIVE_EFFORT
NewMedia20,USER_50,Spatial Reasoning,Graphical,c,c,97.55457,COGNITIVE_EFFORT
NewMedia16,USER_50,Mechanical Reasoning,Graphical,b,b,16.83301,NOT_COGNITIVE_EFFORT
NewMedia19,USER_50,Spatial Reasoning,Graphical,b,d,88.74707,COGNITIVE_EFFORT
NewMedia11,USER_50,Inductive Reasoning,Graphical,b,b,108.24585,COGNITIVE_EFFORT
NewMedia15,USER_50,Logical Reasoning,Graphical,c,c,100.20044,COGNITIVE_EFFORT
NewMedia12,USER_50,Inductive Reasoning,Graphical,d,d,82.2677,COGNITIVE_EFFORT
NewMedia24,USER_50,Verbal Reasoning,Textual,b,b,111.72241,COGNITIVE_EFFORT
NewMedia1,USER_50,Critical Thinking,Textual,b,b,59.15356,COGNITIVE_EFFORT
NewMedia8,USER_50,Diagrammatic Reasoning,Graphical,c,c,142.9021,COGNITIVE_EFFORT
